-- ============================================================
-- Dummy Data for Database: jahhaazz (Airline Management System)
-- Generated: 2026-03-23
-- Tables: 22 tables with minimum 30 rows each (where applicable)
-- Insert order respects foreign key dependencies
-- ============================================================

/*!40101 SET @OLD_CHARACTER_SET_CLIENT=@@CHARACTER_SET_CLIENT */;
/*!40101 SET @OLD_CHARACTER_SET_RESULTS=@@CHARACTER_SET_RESULTS */;
/*!40101 SET @OLD_COLLATION_CONNECTION=@@COLLATION_CONNECTION */;
/*!50503 SET NAMES utf8mb4 */;
/*!40103 SET @OLD_TIME_ZONE=@@TIME_ZONE */;
/*!40103 SET TIME_ZONE='+00:00' */;
/*!40014 SET @OLD_UNIQUE_CHECKS=@@UNIQUE_CHECKS, UNIQUE_CHECKS=0 */;
/*!40014 SET @OLD_FOREIGN_KEY_CHECKS=@@FOREIGN_KEY_CHECKS, FOREIGN_KEY_CHECKS=0 */;
/*!40101 SET @OLD_SQL_MODE=@@SQL_MODE, SQL_MODE='NO_AUTO_VALUE_ON_ZERO' */;
/*!40111 SET @OLD_SQL_NOTES=@@SQL_NOTES, SQL_NOTES=0 */;

USE `jahhaazz`;

-- ============================================================
-- 1. aircraft_types (no FK dependencies)
-- ============================================================
INSERT INTO `aircraft_types` (`aircraft_type_id`, `model_name`, `manufacturer`, `seat_capacity`) VALUES
(1,  'Boeing 737-800',    'Boeing',        189),
(2,  'Boeing 777-300ER',  'Boeing',        396),
(3,  'Airbus A320neo',    'Airbus',        180),
(4,  'Airbus A380-800',   'Airbus',        555),
(5,  'Boeing 787-9',      'Boeing',        296),
(6,  'Airbus A350-900',   'Airbus',        440),
(7,  'Embraer E190',      'Embraer',       114),
(8,  'Bombardier CRJ900', 'Bombardier',     90),
(9,  'Boeing 767-300ER',  'Boeing',        218),
(10, 'Airbus A321XLR',    'Airbus',        220),
(11, 'Boeing 737 MAX 10', 'Boeing',        230),
(12, 'Airbus A220-300',   'Airbus',        160),
(13, 'ATR 72-600',        'ATR',            78),
(14, 'Cessna Citation X', 'Cessna',         12),
(15, 'Gulfstream G650',   'Gulfstream',      19);

-- ============================================================
-- 2. airline (no FK dependencies)
-- ============================================================
INSERT INTO `airline` (`airline_id`, `airline_name`, `country`, `airline_code`) VALUES
(1,  'Pakistan International Airlines', 'Pakistan',         'PK'),
(2,  'Emirates',                        'UAE',              'EK'),
(3,  'Qatar Airways',                   'Qatar',            'QR'),
(4,  'Turkish Airlines',                'Turkey',           'TK'),
(5,  'British Airways',                 'United Kingdom',   'BA'),
(6,  'Lufthansa',                       'Germany',          'LH'),
(7,  'Air Arabia',                      'UAE',              'G9'),
(8,  'FlyDubai',                        'UAE',              'FZ'),
(9,  'Air Blue',                        'Pakistan',         'PA'),
(10, 'Serene Air',                      'Pakistan',         'ER'),
(11, 'Saudi Arabian Airlines',          'Saudi Arabia',     'SV'),
(12, 'Etihad Airways',                  'UAE',              'EY'),
(13, 'Air India',                       'India',            'AI'),
(14, 'Malaysia Airlines',               'Malaysia',         'MH'),
(15, 'Singapore Airlines',              'Singapore',        'SQ');

-- ============================================================
-- 3. airport (no FK dependencies)
-- ============================================================
INSERT INTO `airport` (`airport_id`, `airport_name`, `city`, `country`, `airport_code`, `timezone`) VALUES
(1,  'Allama Iqbal International Airport', 'Lahore',         'Pakistan',       'LHE', 'Asia/Karachi'),
(2,  'Jinnah International Airport',       'Karachi',        'Pakistan',       'KHI', 'Asia/Karachi'),
(3,  'Islamabad International Airport',    'Islamabad',      'Pakistan',       'ISB', 'Asia/Karachi'),
(4,  'Dubai International Airport',        'Dubai',          'UAE',            'DXB', 'Asia/Dubai'),
(5,  'Hamad International Airport',        'Doha',           'Qatar',          'DOH', 'Asia/Qatar'),
(6,  'Istanbul Airport',                   'Istanbul',       'Turkey',         'IST', 'Europe/Istanbul'),
(7,  'Heathrow Airport',                   'London',         'United Kingdom', 'LHR', 'Europe/London'),
(8,  'Frankfurt Airport',                  'Frankfurt',      'Germany',        'FRA', 'Europe/Berlin'),
(9,  'King Abdulaziz International Airport','Jeddah',        'Saudi Arabia',   'JED', 'Asia/Riyadh'),
(10, 'Abu Dhabi International Airport',    'Abu Dhabi',      'UAE',            'AUH', 'Asia/Dubai'),
(11, 'Changi Airport',                     'Singapore',      'Singapore',      'SIN', 'Asia/Singapore'),
(12, 'Kuala Lumpur International Airport', 'Kuala Lumpur',   'Malaysia',       'KUL', 'Asia/Kuala_Lumpur'),
(13, 'Chhatrapati Shivaji Maharaj Airport','Mumbai',         'India',          'BOM', 'Asia/Kolkata'),
(14, 'Indira Gandhi International Airport','New Delhi',      'India',          'DEL', 'Asia/Kolkata'),
(15, 'Charles de Gaulle Airport',          'Paris',          'France',         'CDG', 'Europe/Paris'),
(16, 'Bacha Khan International Airport',   'Peshawar',       'Pakistan',       'PEW', 'Asia/Karachi'),
(17, 'Multan International Airport',       'Multan',         'Pakistan',       'MUX', 'Asia/Karachi'),
(18, 'King Khalid International Airport',  'Riyadh',         'Saudi Arabia',   'RUH', 'Asia/Riyadh'),
(19, 'Cairo International Airport',        'Cairo',          'Egypt',          'CAI', 'Africa/Cairo'),
(20, 'Nairobi Jomo Kenyatta Airport',      'Nairobi',        'Kenya',          'NBO', 'Africa/Nairobi');

-- ============================================================
-- 4. terminals (FK: airport)
-- ============================================================
INSERT INTO `terminals` (`terminal_id`, `airport_id`, `terminal_name`, `terminal_code`) VALUES
(1,  1,  'Terminal 1', 'T1'),
(2,  1,  'Terminal 2', 'T2'),
(3,  2,  'Terminal 1', 'T1'),
(4,  2,  'Terminal 2', 'T2'),
(5,  3,  'Main Terminal', 'MT'),
(6,  4,  'Terminal 1', 'T1'),
(7,  4,  'Terminal 2', 'T2'),
(8,  4,  'Terminal 3', 'T3'),
(9,  5,  'Hamad Terminal', 'HT'),
(10, 6,  'International Terminal', 'IT'),
(11, 7,  'Terminal 2', 'T2'),
(12, 7,  'Terminal 3', 'T3'),
(13, 7,  'Terminal 4', 'T4'),
(14, 7,  'Terminal 5', 'T5'),
(15, 8,  'Terminal 1', 'T1'),
(16, 8,  'Terminal 2', 'T2'),
(17, 9,  'Terminal 1', 'T1'),
(18, 9,  'Terminal 2', 'T2'),
(19, 10, 'Terminal A', 'TA'),
(20, 10, 'Terminal B', 'TB'),
(21, 11, 'Terminal 1', 'T1'),
(22, 11, 'Terminal 2', 'T2'),
(23, 11, 'Terminal 3', 'T3'),
(24, 12, 'Terminal KLIA', 'TK'),
(25, 13, 'Terminal 2', 'T2'),
(26, 14, 'Terminal 1', 'T1'),
(27, 14, 'Terminal 2', 'T2'),
(28, 14, 'Terminal 3', 'T3'),
(29, 15, 'Terminal 2E', 'T2E'),
(30, 16, 'Main Terminal', 'MT'),
(31, 17, 'Main Terminal', 'MT'),
(32, 18, 'Terminal 1', 'T1'),
(33, 19, 'Terminal 2', 'T2'),
(34, 20, 'Terminal 1A', 'T1A');

-- ============================================================
-- 5. gates (FK: terminals)
-- ============================================================
INSERT INTO `gates` (`gate_id`, `terminal_id`, `gate_number`, `status`) VALUES
(1,  1,  'G1',  'active'),
(2,  1,  'G2',  'active'),
(3,  1,  'G3',  'active'),
(4,  2,  'G4',  'active'),
(5,  2,  'G5',  'maintenance'),
(6,  3,  'G6',  'active'),
(7,  3,  'G7',  'active'),
(8,  4,  'G8',  'active'),
(9,  5,  'G9',  'active'),
(10, 5,  'G10', 'active'),
(11, 6,  'G11', 'active'),
(12, 6,  'G12', 'active'),
(13, 7,  'G13', 'active'),
(14, 7,  'G14', 'maintenance'),
(15, 8,  'G15', 'active'),
(16, 9,  'G16', 'active'),
(17, 9,  'G17', 'active'),
(18, 10, 'G18', 'active'),
(19, 11, 'G19', 'active'),
(20, 11, 'G20', 'active'),
(21, 12, 'G21', 'active'),
(22, 13, 'G22', 'active'),
(23, 14, 'G23', 'active'),
(24, 14, 'G24', 'maintenance'),
(25, 15, 'G25', 'active'),
(26, 16, 'G26', 'active'),
(27, 17, 'G27', 'active'),
(28, 18, 'G28', 'active'),
(29, 19, 'G29', 'active'),
(30, 20, 'G30', 'active'),
(31, 21, 'G31', 'active'),
(32, 22, 'G32', 'active'),
(33, 23, 'G33', 'active'),
(34, 24, 'G34', 'active'),
(35, 25, 'G35', 'active');

-- ============================================================
-- 6. runways (FK: airport)
-- ============================================================
INSERT INTO `runways` (`runway_id`, `airport_id`, `runway_code`, `length`, `status`) VALUES
(1,  1,  'RW09L', 3200, 'active'),
(2,  1,  'RW27R', 3200, 'active'),
(3,  2,  'RW25L', 3400, 'active'),
(4,  2,  'RW07R', 3000, 'maintenance'),
(5,  3,  'RW12',  3600, 'active'),
(6,  3,  'RW30',  3600, 'active'),
(7,  4,  'RW12L', 4000, 'active'),
(8,  4,  'RW30R', 4000, 'active'),
(9,  4,  'RW12R', 4000, 'active'),
(10, 5,  'RW16L', 4850, 'active'),
(11, 5,  'RW34R', 4850, 'active'),
(12, 6,  'RW17L', 4100, 'active'),
(13, 6,  'RW35R', 4100, 'active'),
(14, 7,  'RW09L', 3902, 'active'),
(15, 7,  'RW27R', 3902, 'active'),
(16, 8,  'RW07L', 4000, 'active'),
(17, 8,  'RW25R', 4000, 'active'),
(18, 9,  'RW16',  4000, 'active'),
(19, 9,  'RW34',  3800, 'maintenance'),
(20, 10, 'RW13L', 4100, 'active'),
(21, 11, 'RW02C', 4000, 'active'),
(22, 11, 'RW20C', 4000, 'active'),
(23, 12, 'RW32L', 4124, 'active'),
(24, 13, 'RW14',  3660, 'active'),
(25, 14, 'RW28',  4430, 'active'),
(26, 15, 'RW09L', 4215, 'active'),
(27, 16, 'RW18',  2743, 'active'),
(28, 17, 'RW18',  2400, 'active'),
(29, 18, 'RW33L', 4206, 'active'),
(30, 19, 'RW23L', 4000, 'active'),
(31, 20, 'RW06',  4117, 'active'),
(32, 2,  'RW25R', 3000, 'active'),
(33, 3,  'RW24',  3600, 'active'),
(34, 4,  'RW30L', 3800, 'active'),
(35, 5,  'RW16R', 4850, 'active');

-- ============================================================
-- 7. aircraft (FK: aircraft_types, airline, airport)
-- ============================================================
INSERT INTO `aircraft` (`aircraft_id`, `airline_id`, `aircraft_type_id`, `registration_number`, `status`, `economy_seats`, `business_seats`, `first_class_seats`, `max_speed_kmh`, `fuel_capacity_litres`, `manufactered_date`, `latest_maintenance`, `next_maintenance_due`, `current_airport`) VALUES
(1,  1,  1,  'AP-BIG', 'Active',      150, 20, 8,  842, 26000, '2015-03-10', '2025-11-01', '2026-05-01', 1),
(2,  1,  3,  'AP-BHO', 'Active',      144, 24, 0,  833, 26730, '2017-06-15', '2025-12-15', '2026-06-15', 2),
(3,  2,  2,  'A6-EBQ', 'Active',      304, 72, 8,  905, 145500,'2016-01-20', '2025-10-10', '2026-04-10', 4),
(4,  2,  4,  'A6-EEA', 'Active',      399,120,14,  903, 320000,'2014-05-05', '2025-09-20', '2026-03-20', 4),
(5,  3,  5,  'A7-BCF', 'Active',      254, 28, 0,  903, 126920,'2018-08-25', '2026-01-05', '2026-07-05', 5),
(6,  3,  6,  'A7-ALC', 'Active',      315, 48,22,  945, 158000,'2019-03-14', '2025-11-20', '2026-05-20', 5),
(7,  4,  1,  'TC-JHM', 'Active',      150, 16, 0,  842, 26000, '2016-07-30', '2025-08-15', '2026-02-15', 6),
(8,  4,  3,  'TC-NBG', 'Active',      150, 16, 0,  833, 26730, '2020-02-18', '2026-02-01', '2026-08-01', 6),
(9,  5,  2,  'G-VIIZ', 'Active',      275, 70, 14, 905, 145500,'2013-11-12', '2025-07-22', '2026-01-22', 7),
(10, 5,  5,  'G-ZBKN', 'Active',      215, 42, 0,  903, 126920,'2019-09-09', '2026-01-14', '2026-07-14', 7),
(11, 6,  6,  'D-AIXI', 'Active',      325, 48, 8,  945, 158000,'2017-04-22', '2025-06-30', '2025-12-30', 8),
(12, 6,  9,  'D-ABUD', 'Maintenance', 174, 28, 0,  851, 91400, '2011-12-01', '2026-02-28', '2026-08-28', 8),
(13, 7,  3,  'A6-AND', 'Active',      174, 0,  0,  833, 26730, '2018-05-17', '2025-10-05', '2026-04-05', 4),
(14, 7,  1,  'A6-FEA', 'Active',      162, 12, 0,  842, 26000, '2021-01-25', '2026-01-10', '2026-07-10', 4),
(15, 8,  1,  'A6-FDY', 'Active',      162, 12, 0,  842, 26000, '2020-07-07', '2025-12-20', '2026-06-20', 4),
(16, 9,  3,  'AP-EDC', 'Active',      150, 16, 0,  833, 26730, '2019-03-03', '2025-11-15', '2026-05-15', 2),
(17, 10, 7,  'AP-BLH', 'Active',       98,  8, 0,  870, 13700, '2018-10-10', '2025-09-01', '2026-03-01', 3),
(18, 11, 2,  'HZ-AK1', 'Active',      304, 52, 8,  905, 145500,'2015-06-06', '2025-08-08', '2026-02-08', 9),
(19, 11, 6,  'HZ-ANB', 'Active',      315, 48,10,  945, 158000,'2021-04-11', '2026-01-20', '2026-07-20', 9),
(20, 12, 5,  'A6-BLO', 'Active',      247, 28, 0,  903, 126920,'2017-09-19', '2025-12-01', '2026-06-01', 10),
(21, 13, 3,  'VT-PPG', 'Active',      165, 12, 0,  833, 26730, '2020-11-23', '2026-01-30', '2026-07-30', 13),
(22, 14, 2,  '9M-MRD', 'Retired',     282, 35, 0,  905, 145500,'2012-03-08', '2024-06-01', NULL,          12),
(23, 15, 6,  '9V-SMH', 'Active',      305, 60, 8,  945, 158000,'2020-08-30', '2026-02-15', '2026-08-15', 11),
(24, 1,  8,  'AP-BIK', 'Active',       72,  8, 0,  870,  9500, '2016-05-14', '2025-10-20', '2026-04-20', 3),
(25, 2,  10, 'A6-NEO', 'Active',      180, 24, 0,  900, 32940, '2022-07-04', '2026-02-10', '2026-08-10', 4),
(26, 3,  11, 'A7-MAX', 'Active',      188, 24, 0,  839, 25816, '2023-01-15', '2026-01-25', '2026-07-25', 5),
(27, 4,  12, 'TC-220', 'Active',      130, 16, 0,  871, 21805, '2022-09-09', '2026-01-11', '2026-07-11', 6),
(28, 5,  9,  'G-BZHA', 'Maintenance', 174, 30, 0,  851, 91400, '2014-04-04', '2026-03-01', '2026-09-01', 7),
(29, 6,  7,  'D-AEBG', 'Active',       98,  8, 0,  870, 13700, '2019-06-18', '2025-11-22', '2026-05-22', 8),
(30, 12, 6,  'A6-XWF', 'Active',      310, 56, 8,  945, 158000,'2021-12-12', '2026-02-05', '2026-08-05', 10);

-- ============================================================
-- 8. passengers (no FK dependencies)
-- ============================================================
INSERT INTO `passengers` (`passenger_id`, `first_name`, `last_name`, `gender`, `passport_number`, `nationality`, `date_of_birth`, `contact_number`, `email`) VALUES
(1,  'Ahmed',    'Khan',       'male',   'AB1234567', 'Pakistani',   '1985-04-15', '+923001234567', 'ahmed.khan@email.com'),
(2,  'Sara',     'Ali',        'female', 'CD2345678', 'Pakistani',   '1990-07-22', '+923012345678', 'sara.ali@email.com'),
(3,  'James',    'Smith',      'male',   'EF3456789', 'British',     '1978-11-03', '+447911123456', 'james.smith@email.com'),
(4,  'Emily',    'Johnson',    'female', 'GH4567890', 'American',    '1995-02-28', '+12025551234',  'emily.j@email.com'),
(5,  'Mohammed', 'Al-Rashid',  'male',   'IJ5678901', 'Emirati',     '1982-09-10', '+971501234567', 'mo.rashid@email.com'),
(6,  'Fatima',   'Malik',      'female', 'KL6789012', 'Pakistani',   '1993-05-17', '+923331234567', 'fatima.malik@email.com'),
(7,  'Hans',     'Mueller',    'male',   'MN7890123', 'German',      '1975-12-25', '+491701234567', 'hans.m@email.com'),
(8,  'Aisha',    'Siddiqui',   'female', 'OP8901234', 'Pakistani',   '1988-03-08', '+923451234567', 'aisha.s@email.com'),
(9,  'Ravi',     'Sharma',     'male',   'QR9012345', 'Indian',      '1983-06-30', '+919812345678', 'ravi.sharma@email.com'),
(10, 'Lin',      'Wei',        'female', 'ST0123456', 'Chinese',     '1997-08-14', '+8613800138000','lin.wei@email.com'),
(11, 'Omar',     'Farooq',     'male',   'UV1234568', 'Pakistani',   '1991-01-19', '+923211234567', 'omar.f@email.com'),
(12, 'Zara',     'Hussain',    'female', 'WX2345679', 'British',     '1986-10-05', '+447912345678', 'zara.h@email.com'),
(13, 'Carlos',   'Mendez',     'male',   'YZ3456780', 'Spanish',     '1980-07-11', '+34611234567',  'carlos.m@email.com'),
(14, 'Priya',    'Nair',       'female', 'AA4567891', 'Indian',      '1994-04-23', '+919912345678', 'priya.nair@email.com'),
(15, 'Tariq',    'Butt',       'male',   'BB5678902', 'Pakistani',   '1987-02-14', '+923121234567', 'tariq.b@email.com'),
(16, 'Sophie',   'Dupont',     'female', 'CC6789013', 'French',      '1992-11-29', '+33612345678',  'sophie.d@email.com'),
(17, 'Ali',      'Hassan',     'male',   'DD7890124', 'Pakistani',   '1979-08-07', '+923061234567', 'ali.hassan@email.com'),
(18, 'Nadia',    'Qureshi',    'female', 'EE8901235', 'Pakistani',   '1996-05-03', '+923401234567', 'nadia.q@email.com'),
(19, 'Abdullah', 'Al-Farsi',   'male',   'FF9012346', 'Saudi',       '1984-03-21', '+966501234567', 'abd.farsi@email.com'),
(20, 'Maria',    'Garcia',     'female', 'GG0123457', 'Spanish',     '1989-09-16', '+34621234567',  'maria.g@email.com'),
(21, 'Imran',    'Sheikh',     'male',   'HH1234569', 'Pakistani',   '1976-12-01', '+923151234567', 'imran.s@email.com'),
(22, 'Rachel',   'Green',      'female', 'II2345670', 'American',    '1998-06-18', '+12125551234',  'rachel.g@email.com'),
(23, 'Hamza',    'Nawaz',      'male',   'JJ3456781', 'Pakistani',   '1993-10-09', '+923261234567', 'hamza.n@email.com'),
(24, 'Amina',    'Bashir',     'female', 'KK4567892', 'Pakistani',   '1990-01-27', '+923371234567', 'amina.b@email.com'),
(25, 'Sanjay',   'Kapoor',     'male',   'LL5678903', 'Indian',      '1985-07-04', '+919711234567', 'sanjay.k@email.com'),
(26, 'Leila',    'Ahmed',      'female', 'MM6789014', 'Egyptian',    '1987-04-12', '+201012345678', 'leila.a@email.com'),
(27, 'Bilal',    'Chaudhry',   'male',   'NN7890125', 'Pakistani',   '1982-09-25', '+923481234567', 'bilal.c@email.com'),
(28, 'Hana',     'Tanaka',     'female', 'OO8901236', 'Japanese',    '1995-02-08', '+818012345678', 'hana.t@email.com'),
(29, 'Khalid',   'Al-Otaibi',  'male',   'PP9012347', 'Saudi',       '1977-11-15', '+966551234567', 'khalid.o@email.com'),
(30, 'Jennifer', 'Williams',   'female', 'QQ0123458', 'Australian',  '1991-08-30', '+61412345678',  'jen.w@email.com'),
(31, 'Usman',    'Ghani',      'male',   'RR1234570', 'Pakistani',   '1986-03-17', '+923191234567', 'usman.g@email.com'),
(32, 'Mariam',   'Iqbal',      'female', 'SS2345681', 'Pakistani',   '1999-06-05', '+923281234567', 'mariam.i@email.com'),
(33, 'Thomas',   'Brown',      'male',   'TT3456792', 'British',     '1973-12-20', '+447923456789', 'thomas.b@email.com'),
(34, 'Yasmin',   'Khatoon',    'female', 'UU4567803', 'Pakistani',   '1994-09-13', '+923391234567', 'yasmin.k@email.com'),
(35, 'David',    'Anderson',   'male',   'VV5678914', 'American',    '1981-05-26', '+13125551234',  'david.a@email.com');

-- ============================================================
-- 9. staff (FK: airport)
-- ============================================================
INSERT INTO `staff` (`staff_id`, `airport_id`, `first_name`, `last_name`, `role`, `staff_type`, `hire_date`, `license_number`, `status`) VALUES
(1,  1,  'Asad',     'Raza',       'Pilot',           'Flight Crew',  '2010-05-01', 'PKP-2010-001', 'Active'),
(2,  1,  'Saima',    'Baig',       'Co-Pilot',        'Flight Crew',  '2013-08-15', 'PKP-2013-002', 'Active'),
(3,  1,  'Kamran',   'Lodhi',      'Cabin Crew',      'Flight Crew',  '2015-03-20', NULL,           'Active'),
(4,  1,  'Rubina',   'Ansari',     'Cabin Crew',      'Flight Crew',  '2016-07-11', NULL,           'Active'),
(5,  1,  'Fahad',    'Mirza',      'Check-in Staff',  'Ground Staff', '2018-01-05', NULL,           'Active'),
(6,  1,  'Sana',     'Riaz',       'Boarding Staff',  'Ground Staff', '2019-04-22', NULL,           'Active'),
(7,  1,  'Zubair',   'Akhtar',     'Baggage Handler', 'Ground Staff', '2020-09-10', NULL,           'Active'),
(8,  1,  'Naila',    'Safdar',     'Supervisor',      'Ground Staff', '2012-11-30', NULL,           'Active'),
(9,  2,  'Adnan',    'Soomro',     'Pilot',           'Flight Crew',  '2009-06-14', 'PKP-2009-003', 'Active'),
(10, 2,  'Hira',     'Shaikh',     'Co-Pilot',        'Flight Crew',  '2014-02-27', 'PKP-2014-004', 'Active'),
(11, 2,  'Waheed',   'Baloch',     'Cabin Crew',      'Flight Crew',  '2017-05-03', NULL,           'Active'),
(12, 2,  'Iram',     'Siddiqui',   'Check-in Staff',  'Ground Staff', '2019-10-18', NULL,           'Active'),
(13, 2,  'Faisal',   'Narejo',     'Ramp Operator',   'Ground Staff', '2018-07-25', NULL,           'Active'),
(14, 3,  'Malik',    'Arshad',     'Pilot',           'Flight Crew',  '2011-03-09', 'PKP-2011-005', 'Active'),
(15, 3,  'Amna',     'Javed',      'Co-Pilot',        'Flight Crew',  '2015-11-12', 'PKP-2015-006', 'Active'),
(16, 3,  'Junaid',   'Aslam',      'Cabin Crew',      'Flight Crew',  '2016-09-04', NULL,           'On Leave'),
(17, 3,  'Huma',     'Gillani',    'Boarding Staff',  'Ground Staff', '2020-02-14', NULL,           'Active'),
(18, 4,  'John',     'Parker',     'Pilot',           'Flight Crew',  '2008-04-18', 'EKP-2008-007', 'Active'),
(19, 4,  'Lisa',     'Chen',       'Co-Pilot',        'Flight Crew',  '2012-07-30', 'EKP-2012-008', 'Active'),
(20, 4,  'Rajiv',    'Menon',      'Cabin Crew',      'Flight Crew',  '2014-12-05', NULL,           'Active'),
(21, 5,  'Ahmed',    'Al-Thani',   'Pilot',           'Flight Crew',  '2010-08-22', 'QRP-2010-009', 'Active'),
(22, 5,  'Sara',     'Abdullah',   'Cabin Crew',      'Flight Crew',  '2016-04-17', NULL,           'Active'),
(23, 6,  'Mehmet',   'Yilmaz',     'Pilot',           'Flight Crew',  '2013-01-11', 'TKP-2013-010', 'Active'),
(24, 6,  'Ayse',     'Kaya',       'Co-Pilot',        'Flight Crew',  '2017-06-08', 'TKP-2017-011', 'Active'),
(25, 7,  'William',  'Clark',      'Pilot',           'Flight Crew',  '2007-09-23', 'BAP-2007-012', 'Active'),
(26, 7,  'Emma',     'Watson',     'Co-Pilot',        'Flight Crew',  '2015-03-16', 'BAP-2015-013', 'Active'),
(27, 8,  'Klaus',    'Bauer',      'Pilot',           'Flight Crew',  '2009-11-07', 'LHP-2009-014', 'Active'),
(28, 8,  'Lena',     'Hoffman',    'Maintenance Crew','Ground Staff', '2014-08-29', NULL,           'Active'),
(29, 9,  'Tariq',    'Al-Ghamdi',  'Supervisor',      'Ground Staff', '2011-05-20', NULL,           'Active'),
(30, 9,  'Noura',    'Al-Qahtani', 'Check-in Staff',  'Ground Staff', '2019-02-06', NULL,           'Active'),
(31, 10, 'Khalid',   'Al-Falasi',  'Ramp Operator',   'Ground Staff', '2017-10-13', NULL,           'Active'),
(32, 11, 'Wei',      'Zhang',      'Cabin Crew',      'Flight Crew',  '2018-03-25', NULL,           'Active'),
(33, 12, 'Ahmad',    'Ismail',     'Pilot',           'Flight Crew',  '2012-07-18', 'MHP-2012-015', 'Active'),
(34, 1,  'Parveen',  'Sultana',    'Baggage Handler', 'Ground Staff', '2021-04-09', NULL,           'Active'),
(35, 2,  'Ghulam',   'Mustafa',    'Maintenance Crew','Ground Staff', '2016-08-31', NULL,           'Active');

-- ============================================================
-- 10. flights (FK: airline, airport)
-- ============================================================
INSERT INTO `flights` (`flight_id`, `airline_id`, `flight_number`, `source_airport_id`, `destination_airport_id`, `flight_type`, `estimated_duration`) VALUES
(1,  1,  720,  1,  2,   'Passenger', '01:30:00'),
(2,  1,  310,  2,  3,   'Passenger', '01:45:00'),
(3,  1,  504,  3,  1,   'Passenger', '01:30:00'),
(4,  2,  501,  4,  7,   'Passenger', '07:00:00'),
(5,  2,  301,  4,  5,   'Passenger', '01:30:00'),
(6,  3,  101,  5,  7,   'Passenger', '06:45:00'),
(7,  4,  708,  6,  8,   'Passenger', '03:30:00'),
(8,  5,  220,  7,  4,   'Passenger', '07:00:00'),
(9,  6,  400,  8,  1,   'Passenger', '06:00:00'),
(10, 1,  611,  1,  4,   'Passenger', '04:00:00'),
(11, 2,  209,  4,  11,  'Passenger', '07:30:00'),
(12, 3,  555,  5,  4,   'Passenger', '01:30:00'),
(13, 11, 100,  9,  1,   'Passenger', '04:30:00'),
(14, 12, 312,  10, 7,   'Passenger', '07:00:00'),
(15, 7,  411,  4,  1,   'Passenger', '03:30:00'),
(16, 8,  986,  4,  2,   'Passenger', '04:00:00'),
(17, 1,  800,  1,  9,   'Cargo',     '05:00:00'),
(18, 2,  777,  4,  13,  'Passenger', '03:00:00'),
(19, 4,  930,  6,  14,  'Passenger', '06:00:00'),
(20, 15, 436,  11, 7,   'Passenger', '13:00:00'),
(21, 13, 215,  13, 1,   'Passenger', '03:30:00'),
(22, 5,  101,  7,  15,  'Passenger', '01:10:00'),
(23, 6,  450,  8,  6,   'Passenger', '03:00:00'),
(24, 9,  200,  2,  1,   'Passenger', '01:30:00'),
(25, 10, 315,  3,  2,   'Passenger', '01:45:00'),
(26, 1,  925,  1,  3,   'Passenger', '01:30:00'),
(27, 2,  600,  4,  6,   'Passenger', '04:30:00'),
(28, 3,  888,  5,  8,   'Passenger', '05:00:00'),
(29, 11, 240,  18, 4,   'Passenger', '02:00:00'),
(30, 12, 800,  10, 4,   'Passenger', '01:30:00'),
(31, 4,  1050, 6,  5,   'Passenger', '03:00:00'),
(32, 5,  350,  7,  10,  'Passenger', '07:00:00'),
(33, 1,  420,  2,  16,  'Passenger', '00:50:00'),
(34, 1,  530,  1,  17,  'Passenger', '01:00:00'),
(35, 2,  199,  4,  19,  'Passenger', '04:00:00');

-- ============================================================
-- 11. flight_schedules (FK: flights, aircraft, gates)
-- ============================================================
INSERT INTO `flight_schedules` (`flight_schedule_id`, `flight_id`, `aircraft_id`, `departure_datetime`, `arrival_datetime`, `gate_id`, `flight_status`) VALUES
(1,  1,  1,  '2026-04-01 06:00:00', '2026-04-01 07:30:00',  1,  'Scheduled'),
(2,  2,  2,  '2026-04-01 09:00:00', '2026-04-01 10:45:00',  6,  'Scheduled'),
(3,  3,  24, '2026-04-01 12:00:00', '2026-04-01 13:30:00',  9,  'Scheduled'),
(4,  4,  3,  '2026-04-02 02:00:00', '2026-04-02 09:00:00',  11, 'Scheduled'),
(5,  5,  5,  '2026-04-02 08:00:00', '2026-04-02 09:30:00',  16, 'Scheduled'),
(6,  6,  6,  '2026-04-02 14:00:00', '2026-04-02 20:45:00',  16, 'Scheduled'),
(7,  7,  7,  '2026-04-03 07:30:00', '2026-04-03 11:00:00',  19, 'Scheduled'),
(8,  8,  9,  '2026-04-03 10:00:00', '2026-04-03 17:00:00',  21, 'Scheduled'),
(9,  9,  11, '2026-04-03 15:00:00', '2026-04-03 21:00:00',  25, 'Scheduled'),
(10, 10, 1,  '2026-04-04 05:00:00', '2026-04-04 09:00:00',  1,  'Scheduled'),
(11, 11, 4,  '2026-04-04 11:00:00', '2026-04-04 18:30:00',  11, 'Scheduled'),
(12, 12, 5,  '2026-04-04 16:00:00', '2026-04-04 17:30:00',  16, 'Scheduled'),
(13, 13, 18, '2026-04-05 03:00:00', '2026-04-05 07:30:00',  17, 'Scheduled'),
(14, 14, 20, '2026-04-05 09:00:00', '2026-04-05 16:00:00',  19, 'Scheduled'),
(15, 15, 13, '2026-04-05 14:00:00', '2026-04-05 17:30:00',  11, 'Scheduled'),
(16, 16, 14, '2026-04-06 07:00:00', '2026-04-06 11:00:00',  11, 'Scheduled'),
(17, 17, 2,  '2026-04-06 22:00:00', '2026-04-07 03:00:00',  6,  'Scheduled'),
(18, 18, 3,  '2026-04-07 06:00:00', '2026-04-07 09:00:00',  11, 'Scheduled'),
(19, 19, 8,  '2026-04-07 11:00:00', '2026-04-07 17:00:00',  19, 'Scheduled'),
(20, 20, 23, '2026-04-07 23:00:00', '2026-04-08 12:00:00',  31, 'Scheduled'),
(21, 21, 21, '2026-04-08 05:00:00', '2026-04-08 08:30:00',  25, 'Scheduled'),
(22, 22, 10, '2026-04-08 10:00:00', '2026-04-08 11:10:00',  23, 'Scheduled'),
(23, 1,  1,  '2026-03-15 06:00:00', '2026-03-15 07:30:00',  1,  'Completed'),
(24, 4,  3,  '2026-03-16 02:00:00', '2026-03-16 09:00:00',  11, 'Completed'),
(25, 8,  9,  '2026-03-17 10:00:00', '2026-03-17 17:00:00',  21, 'Completed'),
(26, 2,  2,  '2026-03-18 09:00:00', '2026-03-18 10:45:00',  6,  'Completed'),
(27, 10, 1,  '2026-03-20 05:00:00', '2026-03-20 09:00:00',  1,  'Completed'),
(28, 11, 4,  '2026-03-21 11:00:00', '2026-03-21 18:30:00',  11, 'Completed'),
(29, 13, 18, '2026-03-22 03:00:00', '2026-03-22 07:30:00',  17, 'Completed'),
(30, 5,  5,  '2026-03-23 08:00:00', '2026-03-23 09:30:00',  16, 'Boarding'),
(31, 23, 29, '2026-04-09 07:00:00', '2026-04-09 10:00:00',  26, 'Scheduled'),
(32, 24, 16, '2026-04-09 13:00:00', '2026-04-09 14:30:00',  6,  'Scheduled'),
(33, 25, 17, '2026-04-10 08:00:00', '2026-04-10 09:45:00',  9,  'Scheduled'),
(34, 26, 24, '2026-04-10 15:00:00', '2026-04-10 16:30:00',  1,  'Scheduled'),
(35, 27, 25, '2026-04-11 04:00:00', '2026-04-11 08:30:00',  11, 'Scheduled');

-- ============================================================
-- 12. tickets (FK: passengers, flight_schedules)
-- ============================================================
INSERT INTO `tickets` (`ticket_id`, `passenger_id`, `flight_schedule_id`, `seat_number`, `seat_class`, `ticket_price`, `status`) VALUES
(1,  1,  23, '14A', 'Economy',  12500, 'Boarded'),
(2,  2,  23, '14B', 'Economy',  12500, 'Boarded'),
(3,  3,  24, '3A',  'Business', 75000, 'Boarded'),
(4,  4,  24, '5C',  'Economy',  55000, 'Boarded'),
(5,  5,  24, '2A',  'First',    180000,'Boarded'),
(6,  6,  25, '12D', 'Economy',  65000, 'Boarded'),
(7,  7,  25, '8A',  'Business', 120000,'Boarded'),
(8,  8,  26, '22F', 'Economy',  11000, 'Boarded'),
(9,  9,  26, '18C', 'Economy',  11000, 'Boarded'),
(10, 10, 27, '10B', 'Business', 52000, 'Boarded'),
(11, 11, 27, '20E', 'Economy',  45000, 'Boarded'),
(12, 12, 28, '6C',  'Business', 138000,'Boarded'),
(13, 13, 28, '30A', 'Economy',  72000, 'Boarded'),
(14, 14, 29, '11D', 'Economy',  38000, 'Boarded'),
(15, 15, 29, '15A', 'Economy',  38000, 'Boarded'),
(16, 1,  1,  '10A', 'Economy',  12500, 'Confirmed'),
(17, 2,  1,  '10B', 'Economy',  12500, 'Confirmed'),
(18, 3,  4,  '4A',  'Business', 75000, 'Confirmed'),
(19, 4,  4,  '25C', 'Economy',  55000, 'Confirmed'),
(20, 5,  4,  '1A',  'First',    180000,'Confirmed'),
(21, 6,  5,  '32D', 'Economy',  18000, 'Confirmed'),
(22, 7,  6,  '7A',  'Business', 95000, 'Confirmed'),
(23, 8,  7,  '19B', 'Economy',  42000, 'Confirmed'),
(24, 9,  8,  '22A', 'Economy',  65000, 'Confirmed'),
(25, 10, 9,  '9C',  'Business', 110000,'Confirmed'),
(26, 11, 10, '15D', 'Economy',  52000, 'Confirmed'),
(27, 12, 11, '3B',  'First',    220000,'Confirmed'),
(28, 13, 12, '28E', 'Economy',  18000, 'Confirmed'),
(29, 14, 13, '16A', 'Economy',  38000, 'Confirmed'),
(30, 15, 14, '11B', 'Business', 145000,'Confirmed'),
(31, 16, 15, '20C', 'Economy',  35000, 'Confirmed'),
(32, 17, 16, '8D',  'Economy',  28000, 'Confirmed'),
(33, 18, 17, '40A', 'Economy',  15000, 'Confirmed'),
(34, 19, 18, '5A',  'First',    200000,'Confirmed'),
(35, 20, 19, '14C', 'Economy',  62000, 'Confirmed');

-- ============================================================
-- 13. payments (FK: tickets, cargo)
-- ============================================================
INSERT INTO `payments` (`payment_id`, `ticket_id`, `cargo_id`, `amount`, `payment_method`, `payment_status`, `payment_date`) VALUES
(1,  1,  NULL, 12500.00,  'Credit Card',    'Completed', '2026-03-01 10:22:00'),
(2,  2,  NULL, 12500.00,  'Online Transfer','Completed', '2026-03-01 10:25:00'),
(3,  3,  NULL, 75000.00,  'Credit Card',    'Completed', '2026-03-02 14:10:00'),
(4,  4,  NULL, 55000.00,  'Cash',           'Completed', '2026-03-02 14:15:00'),
(5,  5,  NULL, 180000.00, 'Credit Card',    'Completed', '2026-03-02 14:20:00'),
(6,  6,  NULL, 65000.00,  'Online Transfer','Completed', '2026-03-05 09:00:00'),
(7,  7,  NULL, 120000.00, 'Credit Card',    'Completed', '2026-03-05 09:05:00'),
(8,  8,  NULL, 11000.00,  'Cash',           'Completed', '2026-03-06 11:30:00'),
(9,  9,  NULL, 11000.00,  'Credit Card',    'Completed', '2026-03-06 11:35:00'),
(10, 10, NULL, 52000.00,  'Online Transfer','Completed', '2026-03-08 16:00:00'),
(11, 11, NULL, 45000.00,  'Credit Card',    'Completed', '2026-03-08 16:05:00'),
(12, 12, NULL, 138000.00, 'Credit Card',    'Completed', '2026-03-09 08:45:00'),
(13, 13, NULL, 72000.00,  'Online Transfer','Completed', '2026-03-09 08:50:00'),
(14, 14, NULL, 38000.00,  'Cash',           'Completed', '2026-03-10 13:20:00'),
(15, 15, NULL, 38000.00,  'Credit Card',    'Completed', '2026-03-10 13:25:00'),
(16, 16, NULL, 12500.00,  'Online Transfer','Completed', '2026-03-15 07:00:00'),
(17, 17, NULL, 12500.00,  'Credit Card',    'Completed', '2026-03-15 07:05:00'),
(18, 18, NULL, 75000.00,  'Credit Card',    'Completed', '2026-03-16 09:00:00'),
(19, 19, NULL, 55000.00,  'Cash',           'Completed', '2026-03-16 09:05:00'),
(20, 20, NULL, 180000.00, 'Online Transfer','Completed', '2026-03-16 09:10:00'),
(21, 21, NULL, 18000.00,  'Credit Card',    'Pending',   '2026-03-20 15:00:00'),
(22, 22, NULL, 95000.00,  'Credit Card',    'Completed', '2026-03-20 15:05:00'),
(23, 23, NULL, 42000.00,  'Online Transfer','Completed', '2026-03-20 15:10:00'),
(24, 24, NULL, 65000.00,  'Credit Card',    'Pending',   '2026-03-21 10:00:00'),
(25, 25, NULL, 110000.00, 'Cash',           'Completed', '2026-03-21 10:05:00'),
(26, 26, NULL, 52000.00,  'Credit Card',    'Completed', '2026-03-21 10:10:00'),
(27, 27, NULL, 220000.00, 'Online Transfer','Completed', '2026-03-21 10:15:00'),
(28, 28, NULL, 18000.00,  'Cash',           'Pending',   '2026-03-22 09:30:00'),
(29, 29, NULL, 38000.00,  'Credit Card',    'Completed', '2026-03-22 09:35:00'),
(30, 30, NULL, 145000.00, 'Online Transfer','Completed', '2026-03-22 09:40:00'),
(31, 31, NULL, 35000.00,  'Credit Card',    'Completed', '2026-03-22 09:45:00'),
(32, 32, NULL, 28000.00,  'Cash',           'Failed',    '2026-03-22 09:50:00'),
(33, 33, NULL, 15000.00,  'Credit Card',    'Completed', '2026-03-22 09:55:00'),
(34, 34, NULL, 200000.00, 'Online Transfer','Completed', '2026-03-22 10:00:00'),
(35, 35, NULL, 62000.00,  'Credit Card',    'Pending',   '2026-03-23 08:00:00');

-- ============================================================
-- 14. baggage (FK: tickets, flight_schedules)
-- ============================================================
INSERT INTO `baggage` (`Baggage_id`, `ticket_id`, `flight_schedule_id`, `weight`, `baggage_type`, `status`) VALUES
(1,  1,  23, 22.50, 'Checked',  'Unloaded'),
(2,  2,  23, 18.00, 'Checked',  'Unloaded'),
(3,  3,  24, 32.00, 'Checked',  'Unloaded'),
(4,  4,  24, 25.50, 'Checked',  'Unloaded'),
(5,  5,  24, 7.00,  'Carry-on', 'Unloaded'),
(6,  6,  25, 28.00, 'Checked',  'Unloaded'),
(7,  7,  25, 12.00, 'Carry-on', 'Unloaded'),
(8,  8,  26, 20.00, 'Checked',  'Unloaded'),
(9,  9,  26, 15.50, 'Checked',  'Unloaded'),
(10, 10, 27, 30.00, 'Checked',  'Unloaded'),
(11, 11, 27, 22.00, 'Checked',  'Unloaded'),
(12, 12, 28, 35.00, 'Checked',  'Unloaded'),
(13, 13, 28, 19.50, 'Checked',  'Unloaded'),
(14, 14, 29, 24.00, 'Checked',  'Unloaded'),
(15, 15, 29, 21.00, 'Checked',  'Unloaded'),
(16, 16, 1,  22.50, 'Checked',  'Checked-In'),
(17, 17, 1,  18.00, 'Checked',  'Checked-In'),
(18, 18, 4,  32.00, 'Checked',  'Checked-In'),
(19, 19, 4,  25.50, 'Checked',  'Checked-In'),
(20, 20, 4,  7.00,  'Carry-on', 'Checked-In'),
(21, 21, 5,  10.00, 'Carry-on', 'Checked-In'),
(22, 22, 6,  28.00, 'Checked',  'Checked-In'),
(23, 23, 7,  15.00, 'Checked',  'Checked-In'),
(24, 24, 8,  20.00, 'Checked',  'Checked-In'),
(25, 25, 9,  30.00, 'Checked',  'Checked-In'),
(26, 26, 10, 22.00, 'Checked',  'Checked-In'),
(27, 27, 11, 35.00, 'Checked',  'Checked-In'),
(28, 28, 12, 8.50,  'Carry-on', 'Checked-In'),
(29, 29, 13, 24.00, 'Checked',  'Checked-In'),
(30, 30, 14, 31.00, 'Checked',  'Checked-In'),
(31, 31, 15, 18.50, 'Checked',  'Checked-In'),
(32, 32, 16, 23.00, 'Checked',  'Checked-In'),
(33, 33, 17, 50.00, 'Cargo',    'Checked-In'),
(34, 34, 18, 5.00,  'Carry-on', 'Checked-In'),
(35, 35, 19, 27.00, 'Checked',  'Checked-In');

-- ============================================================
-- 15. boarding_records (FK: tickets, flight_schedules, gates)
-- ============================================================
INSERT INTO `boarding_records` (`boarding_id`, `ticket_id`, `flight_schedule_id`, `boarding_time`, `boarding_status`, `gate_id`) VALUES
(1,  1,  23, '2026-03-15 05:40:00', 'Boarded',  1),
(2,  2,  23, '2026-03-15 05:42:00', 'Boarded',  1),
(3,  3,  24, '2026-03-16 01:30:00', 'Boarded',  11),
(4,  4,  24, '2026-03-16 01:32:00', 'Boarded',  11),
(5,  5,  24, '2026-03-16 01:25:00', 'Boarded',  11),
(6,  6,  25, '2026-03-17 09:30:00', 'Boarded',  21),
(7,  7,  25, '2026-03-17 09:28:00', 'Boarded',  21),
(8,  8,  26, '2026-03-18 08:35:00', 'Boarded',  6),
(9,  9,  26, '2026-03-18 08:37:00', 'Boarded',  6),
(10, 10, 27, '2026-03-20 04:35:00', 'Boarded',  1),
(11, 11, 27, '2026-03-20 04:40:00', 'Boarded',  1),
(12, 12, 28, '2026-03-21 10:35:00', 'Boarded',  11),
(13, 13, 28, '2026-03-21 10:40:00', 'Boarded',  11),
(14, 14, 29, '2026-03-22 02:35:00', 'Boarded',  17),
(15, 15, 29, '2026-03-22 02:40:00', 'Boarded',  17),
(16, 16, 1,  NULL,                  'Pending',   1),
(17, 17, 1,  NULL,                  'Pending',   1),
(18, 18, 4,  NULL,                  'Pending',   11),
(19, 19, 4,  NULL,                  'Pending',   11),
(20, 20, 4,  NULL,                  'Pending',   11),
(21, 21, 5,  NULL,                  'Pending',   16),
(22, 22, 6,  NULL,                  'Pending',   16),
(23, 23, 7,  NULL,                  'Pending',   19),
(24, 24, 8,  NULL,                  'Pending',   21),
(25, 25, 9,  NULL,                  'Pending',   25),
(26, 26, 10, NULL,                  'Pending',   1),
(27, 27, 11, NULL,                  'Pending',   11),
(28, 28, 12, NULL,                  'Pending',   16),
(29, 29, 13, NULL,                  'Pending',   17),
(30, 30, 14, NULL,                  'Pending',   19),
(31, 31, 15, NULL,                  'Pending',   11),
(32, 32, 16, NULL,                  'Pending',   11),
(33, 33, 17, NULL,                  'Pending',   6),
(34, 34, 18, NULL,                  'Pending',   11),
(35, 35, 19, NULL,                  'Pending',   19);

-- ============================================================
-- 16. aircraft_maintenance (FK: aircraft)
-- NOTE: Insert before trigger fires; statuses reflect real state
-- ============================================================
INSERT INTO `aircraft_maintenance` (`maintenance_id`, `aircraft_id`, `maintenance_date`, `maintenance_type`, `description`, `technical_issues_found`, `status`) VALUES
(1,  1,  '2025-11-01', 'Inspection',   'Routine 6-month inspection completed',              0, 'Completed'),
(2,  2,  '2025-12-15', 'Engine Check', 'Engine #1 vibration check – cleared',               1, 'Completed'),
(3,  3,  '2025-10-10', 'Inspection',   'Annual airworthiness inspection',                   0, 'Completed'),
(4,  4,  '2025-09-20', 'Cleaning',     'Deep interior cabin cleaning',                      0, 'Completed'),
(5,  5,  '2026-01-05', 'Inspection',   'Pre-flight systems check',                          0, 'Completed'),
(6,  6,  '2025-11-20', 'Engine Check', 'All engines checked and certified',                 0, 'Completed'),
(7,  7,  '2025-08-15', 'Repair',       'Landing gear hydraulic seal replaced',              2, 'Completed'),
(8,  8,  '2026-02-01', 'Inspection',   'Six-month inspection completed',                    0, 'Completed'),
(9,  9,  '2025-07-22', 'Engine Check', 'Engine #2 fuel injector cleaned',                   1, 'Completed'),
(10, 10, '2026-01-14', 'Inspection',   'Annual inspection – all systems nominal',           0, 'Completed'),
(11, 11, '2025-06-30', 'Repair',       'APU replaced due to malfunction',                   1, 'Completed'),
(12, 12, '2026-02-28', 'Engine Check', 'Engine overhaul – aircraft grounded temporarily',  3, 'Completed'),
(13, 13, '2025-10-05', 'Inspection',   'Standard 6-month inspection',                      0, 'Completed'),
(14, 14, '2026-01-10', 'Cleaning',     'Interior and exterior cleaning',                    0, 'Completed'),
(15, 15, '2025-12-20', 'Inspection',   'Routine airframe inspection',                      0, 'Completed'),
(16, 16, '2025-11-15', 'Engine Check', 'Engine performance test passed',                    0, 'Completed'),
(17, 17, '2025-09-01', 'Repair',       'Nose wheel bearing replaced',                       1, 'Completed'),
(18, 18, '2025-08-08', 'Inspection',   'Pre-Hajj season full inspection',                  0, 'Completed'),
(19, 19, '2026-01-20', 'Cleaning',     'Full cabin deep clean post long-haul season',       0, 'Completed'),
(20, 20, '2025-12-01', 'Engine Check', 'Rolls-Royce Trent engine check cleared',            0, 'Completed'),
(21, 21, '2026-01-30', 'Inspection',   'New aircraft post-delivery inspection',             0, 'Completed'),
(22, 22, '2024-06-01', 'Inspection',   'Final inspection before retirement',                5, 'Completed'),
(23, 23, '2026-02-15', 'Repair',       'Wing flap actuator replacement',                    1, 'Completed'),
(24, 24, '2025-10-20', 'Engine Check', 'CFM56 engine performance verified',                 0, 'Completed'),
(25, 25, '2026-02-10', 'Inspection',   'Delivery acceptance inspection',                   0, 'Completed'),
(26, 26, '2026-01-25', 'Cleaning',     'Interior steam cleaning completed',                 0, 'Completed'),
(27, 27, '2026-01-11', 'Engine Check', 'PW1500G engine diagnostic check',                  0, 'Completed'),
(28, 28, '2026-03-01', 'Repair',       'Hydraulic pump replaced – aircraft in maintenance', 2, 'Completed'),
(29, 29, '2025-11-22', 'Inspection',   'Six-month scheduled inspection',                   0, 'Completed'),
(30, 30, '2026-02-05', 'Engine Check', 'GE9X engine thermal imaging check',                 0, 'Completed'),
(31, 1,  '2026-05-01', 'Inspection',   'Upcoming 6-month inspection scheduled',             0, 'Scheduled'),
(32, 3,  '2026-04-10', 'Engine Check', 'Scheduled engine diagnostic',                       0, 'Scheduled'),
(33, 5,  '2026-07-05', 'Repair',       'Planned avionics software update',                  0, 'Scheduled'),
(34, 11, '2026-04-15', 'Cleaning',     'Post long-haul deep clean scheduled',               0, 'Scheduled'),
(35, 7,  '2026-02-15', 'Inspection',   'Upcoming annual airworthiness check',               0, 'Scheduled');

-- ============================================================
-- 17. cargo (FK: flights, airport)
-- ============================================================
INSERT INTO `cargo` (`cargo_id`, `flight_id`, `tracking_number`, `cargo_type`, `description`, `weight_kg`, `origin_airport_id`, `destination_airport_id`, `sender_name`, `sender_contact`, `reciever_name`, `reciever_contact`, `status`, `is_insured`) VALUES
(1,  17, 'CGO0000001', 'General',      'Machine parts for textile factory',       450.00, 1,  9,  'Pak Textile Ltd',    '+923001111111', 'Saudi Parts Co',     '+966501111111', 'Delivered',    1),
(2,  17, 'CGO0000002', 'Perishable',   'Fresh mangoes – refrigerated',            280.00, 1,  9,  'Hafiz Fruit Farm',   '+923002222222', 'Al-Barakah Store',   '+966502222222', 'Delivered',    0),
(3,  17, 'CGO0000003', 'Fragile',      'Ceramic artifacts for museum',            120.00, 1,  9,  'Lahore Museum',      '+924211111111', 'Riyadh Heritage',    '+966503333333', 'Delivered',    1),
(4,  4,  'CGO0000004', 'Mail',         'Diplomatic pouch – official mail',         35.00, 1,  7,  'Govt of Pakistan',   '+92519111111',  'British Embassy',    '+442071111111', 'Delivered',    1),
(5,  4,  'CGO0000005', 'General',      'Electronic components',                   600.00, 1,  7,  'TechPak Ltd',        '+923003333333', 'BritTech Solutions', '+447901111111', 'In Transit',   1),
(6,  8,  'CGO0000006', 'Cargo',        'Auto spare parts',                        800.00, 7,  4,  'UK Motors Ltd',      '+441112222222', 'Gulf Auto Parts',    '+971501111111', 'Loaded',       0),
(7,  11, 'CGO0000007', 'Perishable',   'Chilled seafood – express delivery',      200.00, 4,  11, 'Dubai Fresh Fish',   '+971502222222', 'SG Seafood Market',  '+6591111111',   'In Transit',   1),
(8,  6,  'CGO0000008', 'Hazardous',    'Industrial chemicals – certified',        350.00, 5,  7,  'QatarChem Corp',     '+974400111111', 'London ChemLab',     '+442072222222', 'Customs Hold', 1),
(9,  9,  'CGO0000009', 'General',      'Automotive machinery',                    950.00, 8,  1,  'Frankfurt Machines', '+493012222222', 'Lahore Factories',   '+924212222222', 'Booked',       0),
(10, 20, 'CGO0000010', 'Live Animals', 'Certified livestock – health cleared',    180.00, 11, 7,  'SG Stud Farm',       '+6592222222',   'UK Equestrian Club', '+441113333333', 'Booked',       1),
(11, 18, 'CGO0000011', 'Fragile',      'Art installation panels',                 90.00, 4,  13, 'Dubai Art Gallery',  '+971503333333', 'Mumbai Arts Centre', '+912222222222', 'Booked',       1),
(12, 19, 'CGO0000012', 'Mail',         'Business correspondence and documents',    15.00, 6,  14, 'Turkish Embassy',    '+903122222222', 'India High Comm.',   '+911111111111', 'Booked',       0),
(13, 7,  'CGO0000013', 'General',      'Textile goods – clothing export',         500.00, 6,  8,  'Istanbul Textiles',  '+903123333333', 'Frankfurt Fashions', '+493013333333', 'In Transit',   0),
(14, 22, 'CGO0000014', 'General',      'Medical equipment',                       300.00, 7,  15, 'London Medical Co',  '+441114444444', 'Paris Hospital Grp', '+331112222222', 'Booked',       1),
(15, 28, 'CGO0000015', 'Perishable',   'Pharmaceutical samples – temperature ctrl',150.00,5,  8,  'Doha Pharma Ltd',    '+974401111111', 'Frankfurt MedLab',   '+493014444444', 'Booked',       1),
(16, 1,  'CGO0000016', 'General',      'Courier packages – express',               45.00, 1,  2,  'PakExpress Courier', '+923005555555', 'Karachi Imports',    '+923115555555', 'Booked',       0),
(17, 2,  'CGO0000017', 'Fragile',      'Computer hardware components',            130.00, 2,  3,  'Karachi Tech Hub',   '+923116666666', 'ISB Data Centre',    '+923226666666', 'Booked',       1),
(18, 3,  'CGO0000018', 'General',      'Stationery and office supplies',           80.00, 3,  1,  'ISB Office Supplies','+923337777777', 'LHE Corporate Hub',  '+924217777777', 'Booked',       0),
(19, 13, 'CGO0000019', 'General',      'Dates and dry fruits – bulk shipment',    700.00, 9,  1,  'Jeddah Dry Fruits',  '+966507777777', 'LHE Wholesalers',    '+924218888888', 'Booked',       0),
(20, 35, 'CGO0000020', 'Perishable',   'Chilled dairy products',                  220.00, 4,  19, 'Dubai Dairy Co',     '+971509999999', 'Cairo Dairy Dist.',  '+201019999999', 'Booked',       1),
(21, 21, 'CGO0000021', 'General',      'IT equipment – servers and switches',     400.00, 13, 1,  'Mumbai InfoTech',    '+912223333333', 'LHE Data Solutions', '+924219999999', 'Booked',       1),
(22, 16, 'CGO0000022', 'Mail',         'Commercial invoices and bills of lading',  10.00, 4,  2,  'Dubai Trade House',  '+971505555555', 'Karachi Customs',    '+923119999999', 'Booked',       0),
(23, 32, 'CGO0000023', 'Fragile',      'Luxury watches – insured shipment',        25.00, 7,  10, 'London Luxury Ltd',  '+441115555555', 'Abu Dhabi Boutique', '+971555555555', 'Booked',       1),
(24, 27, 'CGO0000024', 'General',      'Engineering spare parts',                 560.00, 4,  6,  'Gulf Engineering',   '+971506666666', 'Istanbul Steel',     '+903124444444', 'Booked',       0),
(25, 31, 'CGO0000025', 'General',      'Cultural artifacts on loan',              200.00, 6,  5,  'Topkapi Museum',     '+903125555555', 'Qatar Cultural Ctr', '+974402222222', 'Booked',       1),
(26, 33, 'CGO0000026', 'General',      'Textile bales – cotton export',           900.00, 2,  16, 'Karachi Cotton Mill','+923118888888', 'PEW Textile Unit',   '+923528888888', 'Booked',       0),
(27, 34, 'CGO0000027', 'Perishable',   'Fresh vegetables for export',             320.00, 1,  17, 'LHE AgriExports',    '+924210000001', 'Multan Cold Store',  '+926100000001', 'Booked',       0),
(28, 29, 'CGO0000028', 'Hazardous',    'Industrial gases – pressurized cylinders',200.00, 18, 4,  'Riyadh Gas Corp',    '+966510000001', 'Dubai Industries',   '+971510000001', 'Booked',       1),
(29, 30, 'CGO0000029', 'General',      'Fashion garments for exhibition',         160.00, 10, 4,  'AUH Fashion House',  '+971510000002', 'DXB Trade Fair',     '+971510000003', 'Booked',       0),
(30, 5,  'CGO0000030', 'Mail',         'Embassy official correspondence',          12.00, 5,  4,  'Qatar Embassy',      '+974403333333', 'UAE Ministry',       '+971510000004', 'Booked',       0);

-- ============================================================
-- 18. shifts (FK: staff)
-- ============================================================
INSERT INTO `shifts` (`shift_id`, `staff_id`, `shift_date`, `shift_start`, `shift_end`, `availability_status`) VALUES
(1,  1,  '2026-04-01', '04:00:00', '12:00:00', 'Available'),
(2,  2,  '2026-04-01', '04:00:00', '12:00:00', 'Available'),
(3,  3,  '2026-04-01', '05:00:00', '13:00:00', 'Available'),
(4,  4,  '2026-04-01', '05:00:00', '13:00:00', 'Available'),
(5,  5,  '2026-04-01', '06:00:00', '14:00:00', 'Available'),
(6,  6,  '2026-04-01', '06:00:00', '14:00:00', 'Available'),
(7,  7,  '2026-04-01', '07:00:00', '15:00:00', 'Available'),
(8,  8,  '2026-04-01', '08:00:00', '16:00:00', 'Available'),
(9,  9,  '2026-04-01', '07:00:00', '15:00:00', 'Available'),
(10, 10, '2026-04-01', '07:00:00', '15:00:00', 'Available'),
(11, 14, '2026-04-01', '04:00:00', '12:00:00', 'Available'),
(12, 15, '2026-04-01', '04:00:00', '12:00:00', 'Available'),
(13, 18, '2026-04-02', '00:00:00', '08:00:00', 'Available'),
(14, 19, '2026-04-02', '00:00:00', '08:00:00', 'Available'),
(15, 20, '2026-04-02', '01:00:00', '09:00:00', 'Available'),
(16, 21, '2026-04-02', '06:00:00', '14:00:00', 'Available'),
(17, 22, '2026-04-02', '06:00:00', '14:00:00', 'Available'),
(18, 23, '2026-04-03', '05:00:00', '13:00:00', 'Available'),
(19, 24, '2026-04-03', '05:00:00', '13:00:00', 'Available'),
(20, 25, '2026-04-03', '08:00:00', '16:00:00', 'Available'),
(21, 26, '2026-04-03', '08:00:00', '16:00:00', 'Available'),
(22, 27, '2026-04-03', '13:00:00', '21:00:00', 'Available'),
(23, 28, '2026-04-03', '08:00:00', '16:00:00', 'Off'),
(24, 29, '2026-04-04', '07:00:00', '15:00:00', 'Available'),
(25, 30, '2026-04-04', '07:00:00', '15:00:00', 'Available'),
(26, 31, '2026-04-04', '08:00:00', '16:00:00', 'Available'),
(27, 32, '2026-04-05', '21:00:00', '05:00:00', 'Available'),
(28, 33, '2026-04-05', '01:00:00', '09:00:00', 'Available'),
(29, 34, '2026-04-05', '08:00:00', '16:00:00', 'Available'),
(30, 35, '2026-04-05', '10:00:00', '18:00:00', 'Available'),
(31, 11, '2026-04-06', '05:00:00', '13:00:00', 'Available'),
(32, 12, '2026-04-06', '06:00:00', '14:00:00', 'Available'),
(33, 13, '2026-04-06', '07:00:00', '15:00:00', 'Available'),
(34, 16, '2026-04-07', '05:00:00', '13:00:00', 'Off'),
(35, 17, '2026-04-07', '04:00:00', '12:00:00', 'Available');

-- ============================================================
-- 19. tasks (FK: flight_schedules)
-- ============================================================
INSERT INTO `tasks` (`task_id`, `flight_schedule_id`, `task_type`, `required_role`, `start_time`, `end_time`, `task_status`) VALUES
(1,  23, 'Pilot Operation',    'Pilot',           '2026-03-15 05:00:00', '2026-03-15 07:30:00', 'Completed'),
(2,  23, 'Cabin Preparation',  'Cabin Crew',      '2026-03-15 04:30:00', '2026-03-15 06:00:00', 'Completed'),
(3,  23, 'Boarding',           'Boarding Staff',  '2026-03-15 05:00:00', '2026-03-15 05:55:00', 'Completed'),
(4,  23, 'Baggage Loading',    'Baggage Handler', '2026-03-15 04:00:00', '2026-03-15 05:30:00', 'Completed'),
(5,  24, 'Pilot Operation',    'Pilot',           '2026-03-16 01:00:00', '2026-03-16 09:00:00', 'Completed'),
(6,  24, 'Cabin Preparation',  'Cabin Crew',      '2026-03-16 00:30:00', '2026-03-16 02:00:00', 'Completed'),
(7,  24, 'Boarding',           'Boarding Staff',  '2026-03-16 01:00:00', '2026-03-16 01:55:00', 'Completed'),
(8,  25, 'Pilot Operation',    'Pilot',           '2026-03-17 09:00:00', '2026-03-17 17:00:00', 'Completed'),
(9,  25, 'Baggage Loading',    'Baggage Handler', '2026-03-17 08:00:00', '2026-03-17 09:30:00', 'Completed'),
(10, 26, 'Pilot Operation',    'Co-Pilot',        '2026-03-18 08:00:00', '2026-03-18 10:45:00', 'Completed'),
(11, 27, 'Technical Check',    'Maintenance Crew','2026-03-20 03:00:00', '2026-03-20 04:30:00', 'Completed'),
(12, 28, 'Pilot Operation',    'Pilot',           '2026-03-21 10:00:00', '2026-03-21 18:30:00', 'Completed'),
(13, 29, 'Boarding',           'Boarding Staff',  '2026-03-22 02:00:00', '2026-03-22 02:55:00', 'Completed'),
(14, 30, 'Pilot Operation',    'Pilot',           '2026-03-23 07:00:00', '2026-03-23 09:30:00', 'In Progress'),
(15, 30, 'Boarding',           'Boarding Staff',  '2026-03-23 07:15:00', '2026-03-23 07:55:00', 'In Progress'),
(16, 1,  'Pilot Operation',    'Pilot',           '2026-04-01 05:00:00', '2026-04-01 07:30:00', 'Pending'),
(17, 1,  'Cabin Preparation',  'Cabin Crew',      '2026-04-01 04:30:00', '2026-04-01 06:00:00', 'Pending'),
(18, 1,  'Boarding',           'Boarding Staff',  '2026-04-01 05:00:00', '2026-04-01 05:50:00', 'Pending'),
(19, 1,  'Baggage Loading',    'Baggage Handler', '2026-04-01 04:00:00', '2026-04-01 05:30:00', 'Pending'),
(20, 4,  'Pilot Operation',    'Pilot',           '2026-04-02 01:00:00', '2026-04-02 09:00:00', 'Pending'),
(21, 4,  'Cabin Preparation',  'Cabin Crew',      '2026-04-02 00:30:00', '2026-04-02 02:00:00', 'Pending'),
(22, 4,  'Baggage Loading',    'Baggage Handler', '2026-04-02 00:00:00', '2026-04-02 01:30:00', 'Pending'),
(23, 5,  'Pilot Operation',    'Pilot',           '2026-04-02 07:00:00', '2026-04-02 09:30:00', 'Pending'),
(24, 6,  'Technical Check',    'Maintenance Crew','2026-04-02 12:00:00', '2026-04-02 13:30:00', 'Pending'),
(25, 7,  'Pilot Operation',    'Pilot',           '2026-04-03 06:30:00', '2026-04-03 11:00:00', 'Pending'),
(26, 8,  'Cabin Preparation',  'Cabin Crew',      '2026-04-03 08:00:00', '2026-04-03 10:00:00', 'Pending'),
(27, 9,  'Baggage Loading',    'Baggage Handler', '2026-04-03 13:00:00', '2026-04-03 14:30:00', 'Pending'),
(28, 10, 'Pilot Operation',    'Pilot',           '2026-04-04 04:00:00', '2026-04-04 09:00:00', 'Pending'),
(29, 11, 'Technical Check',    'Maintenance Crew','2026-04-04 09:00:00', '2026-04-04 10:30:00', 'Pending'),
(30, 12, 'Boarding',           'Boarding Staff',  '2026-04-04 15:00:00', '2026-04-04 15:50:00', 'Pending'),
(31, 13, 'Pilot Operation',    'Pilot',           '2026-04-05 02:00:00', '2026-04-05 07:30:00', 'Pending'),
(32, 14, 'Cabin Preparation',  'Cabin Crew',      '2026-04-05 07:00:00', '2026-04-05 09:00:00', 'Pending'),
(33, 15, 'Baggage Unloading',  'Baggage Handler', '2026-04-05 17:00:00', '2026-04-05 18:30:00', 'Pending'),
(34, 16, 'Aircraft Cleaning',  'Cabin Crew',      '2026-04-06 05:00:00', '2026-04-06 07:00:00', 'Pending'),
(35, 17, 'Pilot Operation',    'Pilot',           '2026-04-06 21:00:00', '2026-04-07 03:00:00', 'Pending');

-- ============================================================
-- 20. task_assignments (FK: tasks, staff)
-- ============================================================
INSERT INTO `task_assignments` (`assignment_id`, `task_id`, `staff_id`, `assignment_status`, `end_time`) VALUES
(1,  1,  1,  'Completed', '2026-03-15 07:30:00'),
(2,  2,  3,  'Completed', '2026-03-15 06:00:00'),
(3,  3,  6,  'Completed', '2026-03-15 05:55:00'),
(4,  4,  7,  'Completed', '2026-03-15 05:30:00'),
(5,  5,  9,  'Completed', '2026-03-16 09:00:00'),
(6,  6,  11, 'Completed', '2026-03-16 02:00:00'),
(7,  7,  12, 'Completed', '2026-03-16 01:55:00'),
(8,  8,  14, 'Completed', '2026-03-17 17:00:00'),
(9,  9,  34, 'Completed', '2026-03-17 09:30:00'),
(10, 10, 15, 'Completed', '2026-03-18 10:45:00'),
(11, 11, 35, 'Completed', '2026-03-20 04:30:00'),
(12, 12, 21, 'Completed', '2026-03-21 18:30:00'),
(13, 13, 17, 'Completed', '2026-03-22 02:55:00'),
(14, 14, 1,  'Assigned',  NULL),
(15, 15, 6,  'Assigned',  NULL),
(16, 16, 1,  'Assigned',  NULL),
(17, 17, 3,  'Assigned',  NULL),
(18, 18, 6,  'Assigned',  NULL),
(19, 19, 7,  'Assigned',  NULL),
(20, 20, 9,  'Assigned',  NULL),
(21, 21, 11, 'Assigned',  NULL),
(22, 22, 34, 'Assigned',  NULL),
(23, 23, 14, 'Assigned',  NULL),
(24, 24, 35, 'Assigned',  NULL),
(25, 25, 23, 'Assigned',  NULL),
(26, 26, 20, 'Assigned',  NULL),
(27, 27, 29, 'Assigned',  NULL),
(28, 28, 1,  'Assigned',  NULL),
(29, 29, 28, 'Assigned',  NULL),
(30, 30, 17, 'Assigned',  NULL),
(31, 31, 18, 'Assigned',  NULL),
(32, 32, 22, 'Assigned',  NULL),
(33, 33, 7,  'Assigned',  NULL),
(34, 34, 4,  'Assigned',  NULL),
(35, 35, 2,  'Assigned',  NULL);

-- ============================================================
-- 21. crew_requirements (FK: flight_schedules)
-- ============================================================
INSERT INTO `crew_requirements` (`requirement_id`, `flight_schedule_id`, `role_required`, `number_required`) VALUES
(1,  1,  'Pilot',           1),
(2,  1,  'Co-Pilot',        1),
(3,  1,  'Cabin Crew',      4),
(4,  2,  'Pilot',           1),
(5,  2,  'Co-Pilot',        1),
(6,  2,  'Cabin Crew',      4),
(7,  4,  'Pilot',           1),
(8,  4,  'Co-Pilot',        1),
(9,  4,  'Cabin Crew',      8),
(10, 5,  'Pilot',           1),
(11, 5,  'Co-Pilot',        1),
(12, 5,  'Cabin Crew',      6),
(13, 6,  'Pilot',           1),
(14, 6,  'Co-Pilot',        1),
(15, 6,  'Cabin Crew',      8),
(16, 7,  'Pilot',           1),
(17, 7,  'Cabin Crew',      3),
(18, 8,  'Pilot',           1),
(19, 8,  'Co-Pilot',        1),
(20, 8,  'Cabin Crew',      6),
(21, 10, 'Pilot',           1),
(22, 10, 'Co-Pilot',        1),
(23, 11, 'Pilot',           1),
(24, 11, 'Co-Pilot',        1),
(25, 11, 'Cabin Crew',      10),
(26, 13, 'Pilot',           1),
(27, 13, 'Co-Pilot',        1),
(28, 13, 'Cabin Crew',      6),
(29, 20, 'Pilot',           1),
(30, 20, 'Co-Pilot',        1),
(31, 20, 'Cabin Crew',      8),
(32, 30, 'Pilot',           1),
(33, 30, 'Co-Pilot',        1),
(34, 30, 'Cabin Crew',      6),
(35, 35, 'Pilot',           1);

-- ============================================================
-- 22. gateassignment (FK: gates, flight_schedules)
-- ============================================================
INSERT INTO `gateassignment` (`Assignment_id`, `gate_id`, `flight_schedule_id`, `assigned_date`, `start_time`, `end_time`) VALUES
(1,  1,  23, '2026-03-15', '04:00:00', '07:30:00'),
(2,  6,  26, '2026-03-18', '08:00:00', '10:45:00'),
(3,  9,  3,  '2026-04-01', '11:00:00', '13:30:00'),
(4,  11, 24, '2026-03-16', '01:00:00', '09:00:00'),
(5,  16, 30, '2026-03-23', '07:00:00', '09:30:00'),
(6,  16, 6,  '2026-04-02', '13:00:00', '20:45:00'),
(7,  17, 29, '2026-03-22', '02:00:00', '07:30:00'),
(8,  17, 13, '2026-04-05', '02:00:00', '07:30:00'),
(9,  19, 7,  '2026-04-03', '06:30:00', '11:00:00'),
(10, 19, 14, '2026-04-05', '08:00:00', '16:00:00'),
(11, 21, 25, '2026-03-17', '09:00:00', '17:00:00'),
(12, 21, 8,  '2026-04-03', '09:00:00', '17:00:00'),
(13, 25, 9,  '2026-04-03', '14:00:00', '21:00:00'),
(14, 1,  27, '2026-03-20', '04:00:00', '09:00:00'),
(15, 1,  10, '2026-04-04', '04:00:00', '09:00:00'),
(16, 1,  1,  '2026-04-01', '05:00:00', '07:30:00'),
(17, 11, 28, '2026-03-21', '10:00:00', '18:30:00'),
(18, 11, 11, '2026-04-04', '10:00:00', '18:30:00'),
(19, 11, 15, '2026-04-05', '13:00:00', '17:30:00'),
(20, 11, 16, '2026-04-06', '06:00:00', '11:00:00'),
(21, 6,  17, '2026-04-06', '21:00:00', '03:00:00'),
(22, 11, 18, '2026-04-07', '05:00:00', '09:00:00'),
(23, 6,  2,  '2026-04-01', '08:00:00', '10:45:00'),
(24, 26, 31, '2026-04-09', '06:00:00', '10:00:00'),
(25, 6,  32, '2026-04-09', '12:00:00', '14:30:00'),
(26, 9,  33, '2026-04-10', '07:00:00', '09:45:00'),
(27, 1,  34, '2026-04-10', '14:00:00', '16:30:00'),
(28, 11, 35, '2026-04-11', '03:00:00', '08:30:00'),
(29, 16, 5,  '2026-04-02', '07:00:00', '09:30:00'),
(30, 16, 12, '2026-04-04', '15:00:00', '17:30:00'),
(31, 25, 22, '2026-04-08', '09:00:00', '11:10:00'),
(32, 31, 20, '2026-04-07', '22:00:00', '12:00:00'),
(33, 23, 4,  '2026-04-02', '01:00:00', '09:00:00'),
(34, 19, 19, '2026-04-07', '10:00:00', '17:00:00'),
(35, 11, 4,  '2026-04-02', '01:00:00', '09:00:00');

-- ============================================================
-- 23. flight_runway_usage (FK: runways, flight_schedules)
-- ============================================================
INSERT INTO `flight_runway_usage` (`usage_id`, `runway_id`, `flight_schedule_id`, `operation_type`, `actual_time`) VALUES
(1,  1,  23, 'Takeoff',  '2026-03-15 06:05:00'),
(2,  3,  23, 'Landing',  '2026-03-15 07:33:00'),
(3,  7,  24, 'Takeoff',  '2026-03-16 02:05:00'),
(4,  14, 24, 'Landing',  '2026-03-16 09:02:00'),
(5,  14, 25, 'Takeoff',  '2026-03-17 10:04:00'),
(6,  7,  25, 'Landing',  '2026-03-17 17:01:00'),
(7,  3,  26, 'Takeoff',  '2026-03-18 09:03:00'),
(8,  6,  26, 'Landing',  '2026-03-18 10:47:00'),
(9,  1,  27, 'Takeoff',  '2026-03-20 05:02:00'),
(10, 7,  27, 'Landing',  '2026-03-20 09:04:00'),
(11, 7,  28, 'Takeoff',  '2026-03-21 11:03:00'),
(12, 16, 28, 'Landing',  '2026-03-21 18:32:00'),
(13, 17, 29, 'Takeoff',  '2026-03-22 03:02:00'),
(14, 1,  29, 'Landing',  '2026-03-22 07:31:00'),
(15, 1,  30, 'Takeoff',  '2026-03-23 08:03:00'),
(16, 10, 30, 'Landing',  '2026-03-23 09:34:00'),
(17, 1,  1,  'Takeoff',  '2026-04-01 06:03:00'),
(18, 3,  1,  'Landing',  '2026-04-01 07:32:00'),
(19, 3,  2,  'Takeoff',  '2026-04-01 09:02:00'),
(20, 5,  2,  'Landing',  '2026-04-01 10:47:00'),
(21, 5,  3,  'Takeoff',  '2026-04-01 12:02:00'),
(22, 1,  3,  'Landing',  '2026-04-01 13:31:00'),
(23, 7,  4,  'Takeoff',  '2026-04-02 02:03:00'),
(24, 14, 4,  'Landing',  '2026-04-02 09:01:00'),
(25, 10, 5,  'Takeoff',  '2026-04-02 08:01:00'),
(26, 10, 6,  'Takeoff',  '2026-04-02 14:02:00'),
(27, 12, 7,  'Takeoff',  '2026-04-03 07:31:00'),
(28, 16, 8,  'Takeoff',  '2026-04-03 10:02:00'),
(29, 16, 9,  'Takeoff',  '2026-04-03 15:01:00'),
(30, 1,  10, 'Takeoff',  '2026-04-04 05:01:00'),
(31, 7,  11, 'Takeoff',  '2026-04-04 11:02:00'),
(32, 10, 12, 'Takeoff',  '2026-04-04 16:01:00'),
(33, 17, 13, 'Takeoff',  '2026-04-05 03:01:00'),
(34, 19, 14, 'Takeoff',  '2026-04-05 09:01:00'),
(35, 7,  15, 'Takeoff',  '2026-04-05 14:01:00');

-- ============================================================
-- 24. runway_bookings (FK: runways, aircraft, private_aircraft)
-- ============================================================
INSERT INTO `runway_bookings` (`booking_id`, `runway_id`, `aircraft_id`, `private_aircraft_id`, `booking_date`, `start_time`, `end_time`, `booking_status`) VALUES
(1,  1,  1,  NULL, '2026-04-01', '05:45:00', '06:15:00', 'Approved'),
(2,  3,  2,  NULL, '2026-04-01', '08:45:00', '09:15:00', 'Approved'),
(3,  7,  3,  NULL, '2026-04-02', '01:45:00', '02:15:00', 'Approved'),
(4,  14, 4,  NULL, '2026-04-02', '10:45:00', '11:15:00', 'Approved'),
(5,  10, 5,  NULL, '2026-04-02', '07:45:00', '08:15:00', 'Approved'),
(6,  10, 6,  NULL, '2026-04-02', '13:45:00', '14:15:00', 'Approved'),
(7,  12, 7,  NULL, '2026-04-03', '07:15:00', '07:45:00', 'Approved'),
(8,  14, 9,  NULL, '2026-04-03', '09:45:00', '10:15:00', 'Approved'),
(9,  16, 11, NULL, '2026-04-03', '14:45:00', '15:15:00', 'Approved'),
(10, 1,  1,  NULL, '2026-04-04', '04:45:00', '05:15:00', 'Approved'),
(11, 7,  4,  NULL, '2026-04-04', '10:45:00', '11:15:00', 'Reserved'),
(12, 10, 5,  NULL, '2026-04-04', '15:45:00', '16:15:00', 'Reserved'),
(13, 17, 18, NULL, '2026-04-05', '02:45:00', '03:15:00', 'Reserved'),
(14, 20, 20, NULL, '2026-04-05', '08:45:00', '09:15:00', 'Reserved'),
(15, 7,  13, NULL, '2026-04-05', '13:45:00', '14:15:00', 'Reserved'),
(16, 7,  14, NULL, '2026-04-06', '06:45:00', '07:15:00', 'Reserved'),
(17, 3,  2,  NULL, '2026-04-06', '21:45:00', '22:15:00', 'Reserved'),
(18, 7,  3,  NULL, '2026-04-07', '05:45:00', '06:15:00', 'Reserved'),
(19, 12, 8,  NULL, '2026-04-07', '10:45:00', '11:15:00', 'Reserved'),
(20, 21, 23, NULL, '2026-04-07', '22:45:00', '23:15:00', 'Reserved'),
(21, 25, 21, NULL, '2026-04-08', '04:45:00', '05:15:00', 'Reserved'),
(22, 14, 10, NULL, '2026-04-08', '09:45:00', '10:15:00', 'Reserved'),
(23, 12, 7,  NULL, '2026-04-09', '06:45:00', '07:15:00', 'Reserved'),
(24, 3,  16, NULL, '2026-04-09', '12:45:00', '13:15:00', 'Reserved'),
(25, 5,  17, NULL, '2026-04-10', '07:45:00', '08:15:00', 'Reserved'),
(26, 1,  24, NULL, '2026-04-10', '14:45:00', '15:15:00', 'Reserved'),
(27, 7,  25, NULL, '2026-04-11', '03:45:00', '04:15:00', 'Reserved'),
(28, 3,  1,  NULL, '2026-03-15', '05:45:00', '06:15:00', 'Completed'),
(29, 7,  3,  NULL, '2026-03-16', '01:45:00', '02:15:00', 'Completed'),
(30, 14, 9,  NULL, '2026-03-17', '09:45:00', '10:15:00', 'Completed'),
(31, 3,  2,  NULL, '2026-03-18', '08:45:00', '09:15:00', 'Completed'),
(32, 1,  1,  NULL, '2026-03-20', '04:45:00', '05:15:00', 'Completed'),
(33, 7,  4,  NULL, '2026-03-21', '10:45:00', '11:15:00', 'Completed'),
(34, 17, 18, NULL, '2026-03-22', '02:45:00', '03:15:00', 'Completed'),
(35, 10, 5,  NULL, '2026-03-23', '07:45:00', '08:15:00', 'Completed');

-- ============================================================
-- 25. price (FK: airport)
-- ============================================================
INSERT INTO `price` (`price_id`, `source_airport_id`, `destination_airport_id`, `economy_price`, `business_price`, `first_class_price`) VALUES
(1,  1,  2,   12500.00,   25000.00,   50000.00),
(2,  2,  3,   13000.00,   26000.00,   52000.00),
(3,  3,  1,   12500.00,   25000.00,   50000.00),
(4,  4,  7,   55000.00,   150000.00,  300000.00),
(5,  4,  5,   18000.00,   45000.00,   90000.00),
(6,  5,  7,   52000.00,   130000.00,  260000.00),
(7,  6,  8,   35000.00,   90000.00,   180000.00),
(8,  7,  4,   55000.00,   150000.00,  300000.00),
(9,  8,  1,   58000.00,   140000.00,  280000.00),
(10, 1,  4,   45000.00,   120000.00,  240000.00),
(11, 4,  11,  70000.00,   175000.00,  350000.00),
(12, 5,  4,   18000.00,   45000.00,   90000.00),
(13, 9,  1,   38000.00,   95000.00,   190000.00),
(14, 10, 7,   62000.00,   155000.00,  310000.00),
(15, 4,  1,   28000.00,   70000.00,   140000.00),
(16, 4,  2,   27000.00,   68000.00,   136000.00),
(17, 1,  9,   40000.00,   100000.00,  200000.00),
(18, 4,  13,  30000.00,   75000.00,   150000.00),
(19, 6,  14,  58000.00,   145000.00,  290000.00),
(20, 11, 7,   120000.00,  300000.00,  600000.00),
(21, 13, 1,   32000.00,   80000.00,   160000.00),
(22, 7,  15,  9000.00,    22000.00,   44000.00),
(23, 8,  6,   28000.00,   70000.00,   140000.00),
(24, 2,  1,   12500.00,   25000.00,   50000.00),
(25, 3,  2,   13000.00,   26000.00,   52000.00),
(26, 1,  3,   12500.00,   25000.00,   50000.00),
(27, 4,  6,   40000.00,   100000.00,  200000.00),
(28, 5,  8,   48000.00,   120000.00,  240000.00),
(29, 18, 4,   20000.00,   50000.00,   100000.00),
(30, 10, 4,   15000.00,   38000.00,   76000.00),
(31, 6,  5,   30000.00,   75000.00,   150000.00),
(32, 7,  10,  60000.00,   150000.00,  300000.00),
(33, 2,  16,  8500.00,    21000.00,   42000.00),
(34, 1,  17,  9500.00,    24000.00,   48000.00),
(35, 4,  19,  38000.00,   95000.00,   190000.00);

-- ============================================================
-- 26. flight_incidents (FK: flight_schedules)
-- ============================================================
INSERT INTO `flight_incidents` (`incident_id`, `flight_schedule_id`, `incident_type`, `description`, `reported_at`, `resolved_at`, `flight_status`) VALUES
(1,  24, 'Weather Delay',    'Thunderstorm at Dubai delayed departure by 45 minutes',         '2026-03-16 01:15:00', '2026-03-16 02:00:00', 'Resolved'),
(2,  25, 'Technical Issue',  'Minor hydraulic pressure warning – cleared by maintenance',     '2026-03-17 08:30:00', '2026-03-17 09:45:00', 'Resolved'),
(3,  28, 'Crew Issue',       'Co-pilot reported ill; replacement arranged within 30 mins',   '2026-03-21 09:00:00', '2026-03-21 09:35:00', 'Resolved'),
(4,  29, 'Security Issue',   'Unattended bag found at gate; cleared by security team',        '2026-03-22 01:30:00', '2026-03-22 01:55:00', 'Resolved'),
(5,  30, 'Weather Delay',    'Strong crosswinds at Doha delayed takeoff clearance',           '2026-03-23 08:10:00', NULL,                  'Open'),
(6,  7,  'Technical Issue',  'Cabin pressure sensor fault detected pre-flight',               '2026-04-03 06:20:00', NULL,                  'Open'),
(7,  11, 'Crew Issue',       'Shortage of cabin crew; additional staff being assigned',       '2026-04-04 09:30:00', NULL,                  'Open'),
(8,  4,  'Weather Delay',    'Heavy fog at Lahore origin caused 1-hour ground delay',         '2026-04-02 01:00:00', NULL,                  'Open'),
(9,  14, 'Security Issue',   'Passenger flagged for additional screening; resolved quickly', '2026-04-05 08:45:00', '2026-04-05 09:00:00', 'Resolved'),
(10, 27, 'Technical Issue',  'Engine No.1 oil pressure slightly low; monitored and cleared', '2026-03-20 03:30:00', '2026-03-20 04:15:00', 'Resolved'),
(11, 23, 'Weather Delay',    'Light fog at Lahore, 20-minute delay in departure clearance',  '2026-03-15 05:30:00', '2026-03-15 05:50:00', 'Resolved'),
(12, 26, 'Technical Issue',  'IFE system reboot required on three seats',                    '2026-03-18 08:00:00', '2026-03-18 08:25:00', 'Resolved'),
(13, 5,  'Crew Issue',       'One cabin crew member replaced due to personal emergency',      '2026-04-02 07:00:00', '2026-04-02 07:20:00', 'Resolved'),
(14, 19, 'Weather Delay',    'Air traffic congestion over Istanbul caused 30-min hold',       '2026-04-07 11:30:00', NULL,                  'Open'),
(15, 9,  'Technical Issue',  'APU start fault – ground power used instead',                  '2026-04-03 13:30:00', '2026-04-03 14:00:00', 'Resolved'),
(16, 6,  'Emergency',        'Medical emergency onboard – passenger received first aid',      '2026-04-02 17:30:00', '2026-04-02 18:00:00', 'Resolved'),
(17, 20, 'Security Issue',   'Cargo manifest discrepancy flagged; resolved at gate',          '2026-04-07 21:00:00', '2026-04-07 21:30:00', 'Resolved'),
(18, 10, 'Weather Delay',    'Sandstorm advisory at Dubai; 40-min departure hold',            '2026-04-04 04:00:00', NULL,                  'Open'),
(19, 15, 'Crew Issue',       'Pilot rest time compliance check required; resolved',           '2026-04-05 12:00:00', '2026-04-05 12:45:00', 'Resolved'),
(20, 8,  'Technical Issue',  'Faulty seat belt sign – replaced on ground before departure',  '2026-04-03 09:00:00', '2026-04-03 09:30:00', 'Resolved'),
(21, 16, 'Security Issue',   'Prohibited item found in hand luggage; surrendered at gate',   '2026-04-06 06:30:00', '2026-04-06 06:45:00', 'Resolved'),
(22, 17, 'Weather Delay',    'Fog at Karachi; 1-hour gate hold before clearance',             '2026-04-06 21:00:00', NULL,                  'Open'),
(23, 18, 'Technical Issue',  'Spoiler actuator fault diagnosed and rectified pre-departure', '2026-04-07 04:30:00', '2026-04-07 05:15:00', 'Resolved'),
(24, 21, 'Crew Issue',       'Co-pilot reassigned; replacement confirmed and briefed',        '2026-04-08 03:30:00', '2026-04-08 04:00:00', 'Resolved'),
(25, 13, 'Weather Delay',    'Jeddah crosswind advisory issued; departure held 25 minutes',  '2026-04-05 02:30:00', '2026-04-05 02:55:00', 'Resolved'),
(26, 2,  'Technical Issue',  'Autopilot system test required post-software patch',            '2026-04-01 07:30:00', '2026-04-01 08:00:00', 'Resolved'),
(27, 32, 'Crew Issue',       'Boarding staff shortage at KHI; supervisor stepped in',         '2026-04-09 12:00:00', '2026-04-09 12:20:00', 'Resolved'),
(28, 33, 'Weather Delay',    'Haze at Peshawar reduced visibility; 15-min delay',             '2026-04-10 07:40:00', '2026-04-10 07:55:00', 'Resolved'),
(29, 34, 'Technical Issue',  'Minor fuel imbalance corrected by ground crew',                 '2026-04-10 14:30:00', '2026-04-10 14:50:00', 'Resolved'),
(30, 35, 'Security Issue',   'Passenger without valid transit visa; offloaded at gate',       '2026-04-11 03:00:00', '2026-04-11 03:20:00', 'Resolved');

-- ============================================================
-- 27. flight_consolidation (FK: flight_schedules)
-- ============================================================
INSERT INTO `flight_consolidation` (`consolidation_id`, `original_flight_schedule_id`, `new_flight_schedule_id`, `reason`, `consolidation_date`) VALUES
(1, 12, 5,  'Low passenger load on FS12; merged with FS5 for efficiency',     '2026-04-01 10:00:00'),
(2, 33, 34, 'Mechanical issue on assigned aircraft; consolidated with FS34',   '2026-04-07 15:00:00'),
(3, 31, 32, 'Operational cost reduction; combined Peshawar/Karachi segments',  '2026-04-05 09:00:00');

-- ============================================================
-- 28. users (FK: passengers, staff)
-- ============================================================
INSERT INTO `users` (`user_id`, `email`, `password_hash`, `role`, `passenger_id`, `staff_id`, `is_active`) VALUES
(1,    'admin@jahhaazz.pk',       '$2b$12$adminHashedPw001xxxxxx', 'Admin',       NULL, NULL, 1),
(2,    'ahmed.khan@email.com',    '$2b$12$passHashAhmed001xxxxx',  'Customer',    1,    NULL, 1),
(3,    'sara.ali@email.com',      '$2b$12$passHashSara002xxxxxx',  'Customer',    2,    NULL, 1),
(4,    'james.smith@email.com',   '$2b$12$passHashJames003xxxxx',  'Customer',    3,    NULL, 1),
(5,    'emily.j@email.com',       '$2b$12$passHashEmily004xxxxx',  'Customer',    4,    NULL, 1),
(6,    'mo.rashid@email.com',     '$2b$12$passHashMo005xxxxxxxx',  'Customer',    5,    NULL, 1),
(7,    'fatima.malik@email.com',  '$2b$12$passHashFatima006xxxxx', 'Customer',    6,    NULL, 1),
(8,    'hans.m@email.com',        '$2b$12$passHashHans007xxxxxx',  'Customer',    7,    NULL, 1),
(9,    'aisha.s@email.com',       '$2b$12$passHashAisha008xxxxx',  'Customer',    8,    NULL, 1),
(10,   'ravi.sharma@email.com',   '$2b$12$passHashRavi009xxxxxx',  'Customer',    9,    NULL, 1),
(11,   'lin.wei@email.com',       '$2b$12$passHashLin010xxxxxxx',  'Customer',    10,   NULL, 1),
(12,   'omar.f@email.com',        '$2b$12$passHashOmar011xxxxxx',  'Customer',    11,   NULL, 1),
(13,   'zara.h@email.com',        '$2b$12$passHashZara012xxxxxx',  'Customer',    12,   NULL, 1),
(14,   'carlos.m@email.com',      '$2b$12$passHashCarlos013xxxx',  'Customer',    13,   NULL, 1),
(15,   'priya.nair@email.com',    '$2b$12$passHashPriya014xxxxx',  'Customer',    14,   NULL, 1),
(16,   'tariq.b@email.com',       '$2b$12$passHashTariq015xxxxx',  'Customer',    15,   NULL, 1),
(17,   'sophie.d@email.com',      '$2b$12$passHashSophie016xxxx',  'Customer',    16,   NULL, 1),
(18,   'ali.hassan@email.com',    '$2b$12$passHashAli017xxxxxxx',  'Customer',    17,   NULL, 1),
(19,   'nadia.q@email.com',       '$2b$12$passHashNadia018xxxxx',  'Customer',    18,   NULL, 1),
(20,   'abd.farsi@email.com',     '$2b$12$passHashAbdullah019xx',  'Customer',    19,   NULL, 1),
(21,   'maria.g@email.com',       '$2b$12$passHashMaria020xxxxx',  'Customer',    20,   NULL, 1),
(22,   'imran.s@email.com',       '$2b$12$passHashImran021xxxxx',  'Customer',    21,   NULL, 1),
(23,   'rachel.g@email.com',      '$2b$12$passHashRachel022xxxx',  'Customer',    22,   NULL, 1),
(24,   'hamza.n@email.com',       '$2b$12$passHashHamza023xxxxx',  'Customer',    23,   NULL, 1),
(25,   'amina.b@email.com',       '$2b$12$passHashAmina024xxxxx',  'Customer',    24,   NULL, 1),
(26,   'sanjay.k@email.com',      '$2b$12$passHashSanjay025xxxx',  'Customer',    25,   NULL, 1),
(27,   'leila.a@email.com',       '$2b$12$passHashLeila026xxxxx',  'Customer',    26,   NULL, 1),
(28,   'bilal.c@email.com',       '$2b$12$passHashBilal027xxxxx',  'Customer',    27,   NULL, 1),
(29,   'hana.t@email.com',        '$2b$12$passHashHana028xxxxxx',  'Customer',    28,   NULL, 1),
(30,   'khalid.o@email.com',      '$2b$12$passHashKhalid029xxxx',  'Customer',    29,   NULL, 1),
(31,   'jen.w@email.com',         '$2b$12$passHashJen030xxxxxxx',  'Customer',    30,   NULL, 1),
(32,   'usman.g@email.com',       '$2b$12$passHashUsman031xxxxx',  'Customer',    31,   NULL, 1),
(33,   'mariam.i@email.com',      '$2b$12$passHashMariam032xxxx',  'Customer',    32,   NULL, 1),
(34,   'asad.raza@staff.pk',      '$2b$12$staffHashAsad001xxxxx',  'Staff',       NULL, 1,    1),
(35,   'saima.baig@staff.pk',     '$2b$12$staffHashSaima002xxxx',  'Staff',       NULL, 2,    1),
(36,   'kamran.lodhi@staff.pk',   '$2b$12$staffHashKamran003xxx',  'Staff',       NULL, 3,    1),
(37,   'adnan.soomro@staff.pk',   '$2b$12$staffHashAdnan004xxxxx', 'Staff',       NULL, 9,    1),
(38,   'malik.arshad@staff.pk',   '$2b$12$staffHashMalik005xxxxx', 'Staff',       NULL, 14,   1),
(39,   'john.parker@staff.ae',    '$2b$12$staffHashJohn006xxxxxx', 'Staff',       NULL, 18,   1),
(40,   'supervisor@jahhaazz.pk',  '$2b$12$supervisorHash001xxxxx', 'Staff',       NULL, 8,    1);

-- ============================================================
-- 29. private_aircraft (FK: users)
-- NOTE: user must be PrivateUser role or have user_id; using existing users
-- ============================================================
INSERT INTO `private_aircraft` (`private_aircraft_id`, `user_id`, `registration_number`, `model_name`, `manufacturer`, `seat_capacity`, `status`) VALUES
(1,  6,  'A6-PRV001', 'Gulfstream G650',     'Gulfstream',   19, 'Active'),
(2,  8,  'D-PRVT002', 'Cessna Citation X',   'Cessna',       12, 'Active'),
(3,  20, 'A6-PRV003', 'Bombardier Global 7500','Bombardier',  19, 'Active'),
(4,  29, 'HZ-PRV004', 'Embraer Phenom 300',  'Embraer',       9, 'Active'),
(5,  19, 'HZ-PRV005', 'Gulfstream G550',     'Gulfstream',   16, 'Active'),
(6,  26, 'VT-PRV006', 'Hawker 900XP',        'Hawker',        9, 'Maintenance'),
(7,  30, 'VH-PRV007', 'Cessna Citation CJ3', 'Cessna',        8, 'Active'),
(8,  5,  'A6-PRV008', 'Dassault Falcon 7X',  'Dassault',     14, 'Active'),
(9,  22, 'N-PRV009',  'Piper PA-46 Malibu',  'Piper',         5, 'Active'),
(10, 14, 'VT-PRV010', 'King Air 350',        'Beechcraft',   11, 'Active'),
(11, 7,  'D-PRVT011', 'Learjet 75',          'Bombardier',    8, 'Active'),
(12, 13, 'EC-PRV012', 'Airbus ACJ319',       'Airbus',       50, 'Active'),
(13, 16, 'F-PRV013',  'Dassault Falcon 900', 'Dassault',     13, 'Active'),
(14, 27, 'AP-PRV014', 'Embraer Legacy 500',  'Embraer',      12, 'Maintenance'),
(15, 25, 'VT-PRV015', 'Boeing BBJ',          'Boeing',       25, 'Active'),
(16, 24, 'AP-PRV016', 'Cessna Citation M2',  'Cessna',        7, 'Active'),
(17, 23, 'AP-PRV017', 'Pilatus PC-12',       'Pilatus',       9, 'Active'),
(18, 2,  'AP-PRV018', 'Piper PA-34 Seneca',  'Piper',         6, 'Active'),
(19, 3,  'G-PRV019',  'Cirrus SR22',         'Cirrus',        4, 'Active'),
(20, 4,  'N-PRV020',  'Diamond DA62',        'Diamond',       5, 'Active'),
(21, 9,  'VT-PRV021', 'King Air C90GTx',     'Beechcraft',    8, 'Active'),
(22, 10, '9V-PRV022', 'Gulfstream G280',     'Gulfstream',   10, 'Active'),
(23, 11, 'AP-PRV023', 'Cessna Citation XLS', 'Cessna',        9, 'Active'),
(24, 12, 'G-PRV024',  'Agusta AW139 Heli',  'Leonardo',      8, 'Active'),
(25, 28, 'JA-PRV025', 'Honda HA-420 HondaJet','Honda',        5, 'Active'),
(26, 15, 'AP-PRV026', 'Beechcraft Bonanza',  'Beechcraft',    5, 'Retired'),
(27, 17, 'AP-PRV027', 'Cessna 172 Skyhawk',  'Cessna',        4, 'Active'),
(28, 18, 'AP-PRV028', 'Robin DR401',         'Robin',         4, 'Maintenance'),
(29, 21, 'AP-PRV029', 'Piper PA-28 Cherokee','Piper',         4, 'Active'),
(30, 32, 'AP-PRV030', 'Tecnam P2006T',       'Tecnam',        4, 'Active'),
(31, 31, 'AP-PRV031', 'Cessna 182 Skylane',  'Cessna',        4, 'Active'),
(32, 33, 'G-PRV032',  'Piper Archer TX',     'Piper',         4, 'Active'),
(33, 34, 'AP-PRV033', 'Diamond DA40',        'Diamond',       4, 'Active'),
(34, 35, 'N-PRV034',  'Cirrus SR20',         'Cirrus',        4, 'Active'),
(35, 1,  'AP-PRV035', 'Cessna 150',          'Cessna',        2, 'Retired');

/*!40103 SET TIME_ZONE=@OLD_TIME_ZONE */;
/*!40101 SET SQL_MODE=@OLD_SQL_MODE */;
/*!40014 SET FOREIGN_KEY_CHECKS=@OLD_FOREIGN_KEY_CHECKS */;
/*!40014 SET UNIQUE_CHECKS=@OLD_UNIQUE_CHECKS */;
/*!40101 SET CHARACTER_SET_CLIENT=@OLD_CHARACTER_SET_CLIENT */;
/*!40101 SET CHARACTER_SET_RESULTS=@OLD_CHARACTER_SET_RESULTS */;
/*!40101 SET COLLATION_CONNECTION=@OLD_COLLATION_CONNECTION */;
/*!40111 SET SQL_NOTES=@OLD_SQL_NOTES */;

-- ============================================================
-- Dummy data generation complete.
-- Tables populated: aircraft_types, airline, airport, terminals,
-- gates, runways, aircraft, passengers, staff, flights,
-- flight_schedules, tickets, payments, baggage, boarding_records,
-- aircraft_maintenance, cargo, shifts, tasks, task_assignments,
-- crew_requirements, gateassignment, flight_runway_usage,
-- runway_bookings, price, flight_incidents, flight_consolidation,
-- users, private_aircraft
-- ============================================================
